"Inbound Document Number","GR Number","Ship-To Code","Ship-To Name","SKU","SKU Description","Case Weight","Category","Subgrid Location","Pallet ID","Subgrid/Rollcage","Allocated Quantity","Sorted Quantity","Date Sorted"
"ID-180822-001","ZGR-000000080","STC-000000668","ROBINSONS SPMKT MONTALBAN TOWN CENTER","RF000081","ROYAL FILIPINO CELEBRATION",20,"FOOD","GSRT-B01-15,GSRT-B01-16,GSRT-B01-17,GSRT-B01-18,ZEU-C02-01","ZEU000000080","GRC-018",7,7,"Aug 22, 2018"
"ID-180822-001","ZGR-000000027","STC-000000641","ROBINSONS SPMKT ANTIPOLO","RF000048","ROYAL LINGUINE 1KGX18",18.83,"FOOD","GSRT-B01-01,GSRT-B01-02","ZEU000000027","GRC-002",1,1,"Aug 22, 2018"
"ID-180822-001","ZGR-000000016","STC-000000521","PUREGOLD JR SAN DIONISIO","RF000058","ROYAL CHEESY CELEBRATION X 10",18.4,"FOOD","GSRT-B02-22","ZEU000000016","GRC-045",1,1,"Aug 22, 2018"
"ID-180822-001","ZGR-000000016","STC-000000668","ROBINSONS SPMKT MONTALBAN TOWN CENTER","RF000058","ROYAL CHEESY CELEBRATION X 10",18.4,"FOOD","GSRT-B01-15,GSRT-B01-16,GSRT-B01-17,GSRT-B01-18,ZEU-C02-01","ZEU000000016","GRC-018",8,8,"Aug 22, 2018"
"ID-180822-001","ZGR-000000039","STC-000000521","PUREGOLD JR SAN DIONISIO","WF000379","FIESTA 119 SWEET SPAGTIPID 1.8KG X 10",18.4,"FOOD","GSRT-B02-22","ZEU000000039","GRC-045",3,3,"Aug 22, 2018"
"ID-180822-001","ZGR-000000039","STC-000000601","PUREGOLD PRICE CLUB SOUTH PARK","WF000379","FIESTA 119 SWEET SPAGTIPID 1.8KG X 10",18.4,"FOOD","GSRT-B02-23","ZEU000000039","GRC-046",3,3,"Aug 22, 2018"
"ID-180822-001","ZGR-000000046","STC-000000521","PUREGOLD JR SAN DIONISIO","WF000381","FIESTA 119 FIL SPAGTIPID 1.7 KG X 10",17.4,"FOOD","GSRT-B02-22","ZEU000000046","GRC-045",4,4,"Aug 22, 2018"
"ID-180822-001","ZGR-000000081","STC-000000645","ROBINSONS SPMKT BF PARANAQUE","RF000060","ROYAL PREMIUM SPAGHETTI 35X450G",16.8,"FOOD","GSRT-B01-25,GSRT-B02-25","ZEU000000081","GRC-048",1,1,"Aug 22, 2018"
"ID-180822-001","ZGR-000000081","STC-000000648","ROBINSONS SPMKT CALIFORNIA","RF000060","ROYAL PREMIUM SPAGHETTI 35X450G",16.8,"FOOD","GSRT-B01-10,GSRT-B01-11,GSRT-B01-12","ZEU000000081","GRC-012",1,1,"Aug 22, 2018"
"ID-180822-001","ZGR-000000081","STC-000000661","ROBINSONS SPMKT MADISON GALLERIES ALABANG","RF000060","ROYAL PREMIUM SPAGHETTI 35X450G",16.8,"FOOD","GSRT-B01-23","ZEU000000081","GRC-023",1,1,"Aug 22, 2018"
"ID-180822-001","ZGR-000000081","STC-000001003","ULTRA MEGA MUNTINLUPA (RETAIL)","RF000060","ROYAL PREMIUM SPAGHETTI 35X450G",16.8,"FOOD","GSRT-B01-19,GSRT-B01-20","ZEU000000081","GRC-020",30,30,"Aug 22, 2018"
"ID-180822-001","ZGR-000000064","STC-000000601","PUREGOLD PRICE CLUB SOUTH PARK","RF000057","ROYAL PREMIUM SPAGHETTI 900G",16.7,"FOOD","GSRT-B02-23","ZEU000000064","GRC-046",1,1,"Aug 22, 2018"
"ID-180822-001","ZGR-000000064","STC-000000626","ROBINSONS DEPT STORE GALLERIA","RF000057","ROYAL PREMIUM SPAGHETTI 900G",16.7,"FOOD","GSRT-B02-10,GSRT-B02-11,GSRT-B02-12","ZEU000000064","GRC-035",3,3,"Aug 22, 2018"
"ID-180822-001","ZGR-000000064","STC-000000641","ROBINSONS SPMKT ANTIPOLO","RF000057","ROYAL PREMIUM SPAGHETTI 900G",16.7,"FOOD","GSRT-B01-01,GSRT-B01-02","ZEU000000064","GRC-002",1,1,"Aug 22, 2018"
"ID-180822-001","ZGR-000000064","STC-000000648","ROBINSONS SPMKT CALIFORNIA","RF000057","ROYAL PREMIUM SPAGHETTI 900G",16.7,"FOOD","GSRT-B01-10,GSRT-B01-11,GSRT-B01-12","ZEU000000064","GRC-012",6,6,"Aug 22, 2018"
"ID-180822-001","ZGR-000000064","STC-000000655","ROBINSONS SPMKT EASTWOOD TECHNO","RF000057","ROYAL PREMIUM SPAGHETTI 900G",16.7,"FOOD","GSRT-B02-07,GSRT-B02-08","ZEU000000064","GRC-031",1,1,"Aug 22, 2018"
"ID-180822-001","ZGR-000000064","STC-000000659","ROBINSONS SPMKT KARANGALAN","RF000057","ROYAL PREMIUM SPAGHETTI 900G",16.7,"FOOD","GSRT-B02-14,GSRT-B02-15","ZEU000000064","GRC-038",1,1,"Aug 22, 2018"
"ID-180822-001","ZGR-000000031","STC-000000668","ROBINSONS SPMKT MONTALBAN TOWN CENTER","RF000073","ROYAL SWEET CELEBRATION (BAG)",16.5,"FOOD","GSRT-B01-15,GSRT-B01-16,GSRT-B01-17,GSRT-B01-18,ZEU-C02-01","ZEU000000031","GRC-018",9,9,"Aug 22, 2018"
"ID-180822-001","ZGR-000000070","STC-000000657","ROBINSONS SPMKT GRACELAND","WF000214","WK ULTIMATE FUDGE 580GX24",15.73,"FOOD","GSRT-B01-14","ZEU000000070","GRC-014",1,1,"Aug 22, 2018"
"ID-180822-001","ZGR-000000070","STC-000000666","ROBINSONS SPMKT METRO EAST","WF000214","WK ULTIMATE FUDGE 580GX24",15.73,"FOOD","GSRT-B02-19,GSRT-B02-20","ZEU000000070","GRC-043",1,1,"Aug 22, 2018"
"ID-180822-001","ZGR-000000004","STC-000000641","ROBINSONS SPMKT ANTIPOLO","RF000078","BOGO (Royal spag 900g + mac 200g)",14,"FOOD","GSRT-B01-01,GSRT-B01-02","ZEU000000004","GRC-002",2,2,"Aug 22, 2018"
"ID-180822-001","ZGR-000000004","STC-000000647","ROBINSONS SPMKT CAINTA","RF000078","BOGO (Royal spag 900g + mac 200g)",14,"FOOD","GSRT-B01-05,GSRT-B01-06,ZEU-C01-01","ZEU000000004","GRC-006",1,1,"Aug 22, 2018"
"ID-180822-001","ZGR-000000009","STC-000000645","ROBINSONS SPMKT BF PARANAQUE","WF000213","WK BTRSCOTCH500GX24",13.73,"FOOD","GSRT-B01-25,GSRT-B02-25","ZEU000000009","GRC-048",1,1,"Aug 22, 2018"
"ID-180822-001","ZGR-000000009","STC-000000666","ROBINSONS SPMKT METRO EAST","WF000213","WK BTRSCOTCH500GX24",13.73,"FOOD","GSRT-B02-19,GSRT-B02-20","ZEU000000009","GRC-043",1,1,"Aug 22, 2018"
"ID-180822-001","ZGR-000000056","STC-000000641","ROBINSONS SPMKT ANTIPOLO","JF000968","SK APPLE 1L x 12s",13.39,"FOOD","GSRT-B01-01,GSRT-B01-02","ZEU000000056","GRC-002",1,1,"Aug 22, 2018"
"ID-180822-001","ZGR-000000056","STC-000000647","ROBINSONS SPMKT CAINTA","JF000968","SK APPLE 1L x 12s",13.39,"FOOD","GSRT-B01-05,GSRT-B01-06,ZEU-C01-01","ZEU000000056","GRC-006",1,1,"Aug 22, 2018"
"ID-180822-001","ZGR-000000056","STC-000000659","ROBINSONS SPMKT KARANGALAN","JF000968","SK APPLE 1L x 12s",13.39,"FOOD","GSRT-B02-14,GSRT-B02-15","ZEU000000056","GRC-038",1,1,"Aug 22, 2018"
"ID-180822-001","ZGR-000000056","STC-000000668","ROBINSONS SPMKT MONTALBAN TOWN CENTER","JF000968","SK APPLE 1L x 12s",13.39,"FOOD","GSRT-B01-15,GSRT-B01-16,GSRT-B01-17,GSRT-B01-18,ZEU-C02-01","ZEU000000056","GRC-018",1,1,"Aug 22, 2018"
"ID-180822-001","ZGR-000000056","STC-000000674","ROBINSONS SPMKT RP PIONEER","JF000968","SK APPLE 1L x 12s",13.39,"FOOD","GSRT-B01-08,GSRT-B01-09","ZEU000000056","GRC-009",2,2,"Aug 22, 2018"
"ID-180822-001","ZGR-000000029","STC-000000626","ROBINSONS DEPT STORE GALLERIA","JF000945","SEL FULLCREAM MILK 1L X 12",13.32,"FOOD","GSRT-B02-10,GSRT-B02-11,GSRT-B02-12","ZEU000000029","GRC-035",1,1,"Aug 22, 2018"
"ID-180822-001","ZGR-000000029","STC-000000627","ROBINSONS EASYMART AGUIRRE","JF000945","SEL FULLCREAM MILK 1L X 12",13.32,"FOOD","GSRT-B02-24","ZEU000000029","GRC-047",1,1,"Aug 22, 2018"
"ID-180822-001","ZGR-000000029","STC-000000628","ROBINSONS EASYMART ANTIPOLO","JF000945","SEL FULLCREAM MILK 1L X 12",13.32,"FOOD","GSRT-B01-03","ZEU000000029","GRC-003",1,1,"Aug 22, 2018"
"ID-180822-001","ZGR-000000029","STC-000000645","ROBINSONS SPMKT BF PARANAQUE","JF000945","SEL FULLCREAM MILK 1L X 12",13.32,"FOOD","GSRT-B01-25,GSRT-B02-25","ZEU000000029","GRC-048",1,1,"Aug 22, 2018"
"ID-180822-001","ZGR-000000029","STC-000000658","ROBINSONS SPMKT GRAND CANAL MCKINLEY","JF000945","SEL FULLCREAM MILK 1L X 12",13.32,"FOOD","GSRT-B02-04","ZEU000000029","GRC-027",2,2,"Aug 22, 2018"
"ID-180822-001","ZGR-000000029","STC-000000659","ROBINSONS SPMKT KARANGALAN","JF000945","SEL FULLCREAM MILK 1L X 12",13.32,"FOOD","GSRT-B02-14,GSRT-B02-15","ZEU000000029","GRC-038",1,1,"Aug 22, 2018"
"ID-180822-001","ZGR-000000029","STC-000000661","ROBINSONS SPMKT MADISON GALLERIES ALABANG","JF000945","SEL FULLCREAM MILK 1L X 12",13.32,"FOOD","GSRT-B01-23","ZEU000000029","GRC-023",1,1,"Aug 22, 2018"
"ID-180822-001","ZGR-000000029","STC-000000664","ROBINSONS SPMKT MERCEDES","JF000945","SEL FULLCREAM MILK 1L X 12",13.32,"FOOD","GSRT-B02-17,GSRT-B02-18","ZEU000000029","GRC-041",2,2,"Aug 22, 2018"
"ID-180822-001","ZGR-000000029","STC-000000666","ROBINSONS SPMKT METRO EAST","JF000945","SEL FULLCREAM MILK 1L X 12",13.32,"FOOD","GSRT-B02-19,GSRT-B02-20","ZEU000000029","GRC-043",2,2,"Aug 22, 2018"
"ID-180822-001","ZGR-000000029","STC-000000677","ROBINSONS SPMKT SELECTIONS 8 FORBES","JF000945","SEL FULLCREAM MILK 1L X 12",13.32,"FOOD","GSRT-B02-05","ZEU000000029","GRC-028",1,1,"Aug 22, 2018"
"ID-180822-001","ZGR-000000042","STC-000000521","PUREGOLD JR SAN DIONISIO","JF001022","SELECTA LOWFAT 1LITER SAVE P30",13.32,"FOOD","GSRT-B02-22","ZEU000000042","GRC-045",4,4,"Aug 22, 2018"
"ID-180822-001","ZGR-000000042","STC-000000601","PUREGOLD PRICE CLUB SOUTH PARK","JF001022","SELECTA LOWFAT 1LITER SAVE P30",13.32,"FOOD","GSRT-B02-23","ZEU000000042","GRC-046",6,6,"Aug 22, 2018"
"ID-180822-001","ZGR-000000042","STC-000000093","ISETANN SUPERMARKET STA. MESA","JF001022","SELECTA LOWFAT 1LITER SAVE P30",13.32,"FOOD","GSRT-B01-13","ZEU000000042","GRC-013",5,5,"Aug 22, 2018"
"ID-180822-001","ZGR-000000048","STC-000000521","PUREGOLD JR SAN DIONISIO","JF000889","FFM1LX2sX6 save P15",13.32,"FOOD","GSRT-B02-22","ZEU000000048","GRC-045",2,2,"Aug 22, 2018"
"ID-180822-001","ZGR-000000048","STC-000000626","ROBINSONS DEPT STORE GALLERIA","JF000889","FFM1LX2sX6 save P15",13.32,"FOOD","GSRT-B02-10,GSRT-B02-11,GSRT-B02-12","ZEU000000048","GRC-035",40,40,"Aug 22, 2018"
"ID-180822-001","ZGR-000000048","STC-000000628","ROBINSONS EASYMART ANTIPOLO","JF000889","FFM1LX2sX6 save P15",13.32,"FOOD","GSRT-B01-03","ZEU000000048","GRC-003",3,3,"Aug 22, 2018"
"ID-180822-001","ZGR-000000048","STC-000000627","ROBINSONS EASYMART AGUIRRE","JF000889","FFM1LX2sX6 save P15",13.32,"FOOD","GSRT-B02-24","ZEU000000048","GRC-047",5,5,"Aug 22, 2018"
"ID-180822-001","ZGR-000000049","STC-000000640","ROBINSONS SPMKT ACACIA ESCALADES","JF000889","FFM1LX2sX6 save P15",13.32,"FOOD","GSRT-B02-13","ZEU000000049","GRC-036",9,9,"Aug 22, 2018"
"ID-180822-001","ZGR-000000049","STC-000000641","ROBINSONS SPMKT ANTIPOLO","JF000889","FFM1LX2sX6 save P15",13.32,"FOOD","GSRT-B01-01,GSRT-B01-02","ZEU000000049","GRC-002",6,6,"Aug 22, 2018"
"ID-180822-001","ZGR-000000049","STC-000000645","ROBINSONS SPMKT BF PARANAQUE","JF000889","FFM1LX2sX6 save P15",13.32,"FOOD","GSRT-B01-25,GSRT-B02-25","ZEU000000049","GRC-048",16,16,"Aug 22, 2018"
"ID-180822-001","ZGR-000000049","STC-000000647","ROBINSONS SPMKT CAINTA","JF000889","FFM1LX2sX6 save P15",13.32,"FOOD","GSRT-B01-05,GSRT-B01-06,ZEU-C01-01","ZEU000000049","ZEU000000049",25,25,"Aug 22, 2018"
"ID-180822-001","ZGR-000000051","STC-000000647","ROBINSONS SPMKT CAINTA","JF000889","FFM1LX2sX6 save P15",13.32,"FOOD","GSRT-B01-05,GSRT-B01-06,ZEU-C01-01","ZEU000000051","ZEU000000051",35,35,"Aug 22, 2018"
"ID-180822-001","ZGR-000000051","STC-000000648","ROBINSONS SPMKT CALIFORNIA","JF000889","FFM1LX2sX6 save P15",13.32,"FOOD","GSRT-B01-10,GSRT-B01-11,GSRT-B01-12","ZEU000000051","GRC-012",21,21,"Aug 22, 2018"
"ID-180822-001","ZGR-000000052","STC-000000648","ROBINSONS SPMKT CALIFORNIA","JF000889","FFM1LX2sX6 save P15",13.32,"FOOD","GSRT-B01-10,GSRT-B01-11,GSRT-B01-12","ZEU000000052","GRC-012",24,24,"Aug 22, 2018"
"ID-180822-001","ZGR-000000052","STC-000000655","ROBINSONS SPMKT EASTWOOD TECHNO","JF000889","FFM1LX2sX6 save P15",13.32,"FOOD","GSRT-B02-07,GSRT-B02-08","ZEU000000052","GRC-031",32,32,"Aug 22, 2018"
"ID-180822-001","ZGR-000000050","STC-000000655","ROBINSONS SPMKT EASTWOOD TECHNO","JF000889","FFM1LX2sX6 save P15",13.32,"FOOD","GSRT-B02-07,GSRT-B02-08","ZEU000000050","GRC-031",2,2,"Aug 22, 2018"
"ID-180822-001","ZGR-000000050","STC-000000656","ROBINSONS SPMKT FEDERAL BAY","JF000889","FFM1LX2sX6 save P15",13.32,"FOOD","GSRT-B02-21","ZEU000000050","GRC-044",6,6,"Aug 22, 2018"
"ID-180822-001","ZGR-000000050","STC-000000657","ROBINSONS SPMKT GRACELAND","JF000889","FFM1LX2sX6 save P15",13.32,"FOOD","GSRT-B01-14","ZEU000000050","GRC-014",5,5,"Aug 22, 2018"
"ID-180822-001","ZGR-000000050","STC-000000658","ROBINSONS SPMKT GRAND CANAL MCKINLEY","JF000889","FFM1LX2sX6 save P15",13.32,"FOOD","GSRT-B02-04","ZEU000000050","GRC-027",8,8,"Aug 22, 2018"
"ID-180822-001","ZGR-000000050","STC-000000659","ROBINSONS SPMKT KARANGALAN","JF000889","FFM1LX2sX6 save P15",13.32,"FOOD","GSRT-B02-14,GSRT-B02-15","ZEU000000050","GRC-038",23,23,"Aug 22, 2018"
"ID-180822-001","ZGR-000000050","STC-000000661","ROBINSONS SPMKT MADISON GALLERIES ALABANG","JF000889","FFM1LX2sX6 save P15",13.32,"FOOD","GSRT-B01-23","ZEU000000050","GRC-023",5,5,"Aug 22, 2018"
"ID-180822-001","ZGR-000000050","STC-000000664","ROBINSONS SPMKT MERCEDES","JF000889","FFM1LX2sX6 save P15",13.32,"FOOD","GSRT-B02-17,GSRT-B02-18","ZEU000000050","GRC-041",7,7,"Aug 22, 2018"
"ID-180822-001","ZGR-000000053","STC-000000664","ROBINSONS SPMKT MERCEDES","JF000889","FFM1LX2sX6 save P15",13.32,"FOOD","GSRT-B02-17,GSRT-B02-18","ZEU000000053","GRC-041",17,17,"Aug 22, 2018"
"ID-180822-001","ZGR-000000053","STC-000000666","ROBINSONS SPMKT METRO EAST","JF000889","FFM1LX2sX6 save P15",13.32,"FOOD","GSRT-B02-19,GSRT-B02-20","ZEU000000053","GRC-043",33,33,"Aug 22, 2018"
"ID-180822-001","ZGR-000000053","STC-000000668","ROBINSONS SPMKT MONTALBAN TOWN CENTER","JF000889","FFM1LX2sX6 save P15",13.32,"FOOD","GSRT-B01-15,GSRT-B01-16,GSRT-B01-17,GSRT-B01-18,ZEU-C02-01","ZEU000000053","ZEU000000053",6,6,"Aug 22, 2018"
"ID-180822-001","ZGR-000000057","STC-000000094","JAYNITH'S SUPERMART PASIG","JF000944","SEL FORT LOWFAT 1L X 12",13.32,"FOOD","GSRT-B02-09","ZEU000000057","GRC-032",1,1,"Aug 22, 2018"
"ID-180822-001","ZGR-000000057","STC-000000626","ROBINSONS DEPT STORE GALLERIA","JF000944","SEL FORT LOWFAT 1L X 12",13.32,"FOOD","GSRT-B02-10,GSRT-B02-11,GSRT-B02-12","ZEU000000057","GRC-035",4,4,"Aug 22, 2018"
"ID-180822-001","ZGR-000000057","STC-000000627","ROBINSONS EASYMART AGUIRRE","JF000944","SEL FORT LOWFAT 1L X 12",13.32,"FOOD","GSRT-B02-24","ZEU000000057","GRC-047",1,1,"Aug 22, 2018"
"ID-180822-001","ZGR-000000057","STC-000000655","ROBINSONS SPMKT EASTWOOD TECHNO","JF000944","SEL FORT LOWFAT 1L X 12",13.32,"FOOD","GSRT-B02-07,GSRT-B02-08","ZEU000000057","GRC-031",2,2,"Aug 22, 2018"
"ID-180822-001","ZGR-000000057","STC-000000658","ROBINSONS SPMKT GRAND CANAL MCKINLEY","JF000944","SEL FORT LOWFAT 1L X 12",13.32,"FOOD","GSRT-B02-04","ZEU000000057","GRC-027",1,1,"Aug 22, 2018"
"ID-180822-001","ZGR-000000057","STC-000000666","ROBINSONS SPMKT METRO EAST","JF000944","SEL FORT LOWFAT 1L X 12",13.32,"FOOD","GSRT-B02-19,GSRT-B02-20","ZEU000000057","GRC-043",2,2,"Aug 22, 2018"
"ID-180822-001","ZGR-000000057","STC-000000668","ROBINSONS SPMKT MONTALBAN TOWN CENTER","JF000944","SEL FORT LOWFAT 1L X 12",13.32,"FOOD","GSRT-B01-15,GSRT-B01-16,GSRT-B01-17,GSRT-B01-18,ZEU-C02-01","ZEU000000057","GRC-018",2,2,"Aug 22, 2018"
"ID-180822-001","ZGR-000000057","STC-000000674","ROBINSONS SPMKT RP PIONEER","JF000944","SEL FORT LOWFAT 1L X 12",13.32,"FOOD","GSRT-B01-08,GSRT-B01-09","ZEU000000057","GRC-009",5,5,"Aug 22, 2018"
"ID-180822-001","ZGR-000000057","STC-000000677","ROBINSONS SPMKT SELECTIONS 8 FORBES","JF000944","SEL FORT LOWFAT 1L X 12",13.32,"FOOD","GSRT-B02-05","ZEU000000057","GRC-028",1,1,"Aug 22, 2018"
"ID-180822-001","ZGR-000000057","STC-000000678","ROBINSONS SPMKT SOUTHPARK MALL","JF000944","SEL FORT LOWFAT 1L X 12",13.32,"FOOD","GSRT-B01-21,GSRT-B01-22","ZEU000000057","GRC-022",1,1,"Aug 22, 2018"
"ID-180822-001","ZGR-000000067","STC-000000674","ROBINSONS SPMKT RP PIONEER","JF000946","SEL FORT LF CHOCO 1LX12",13.32,"FOOD","GSRT-B01-08,GSRT-B01-09","ZEU000000067","GRC-009",1,1,"Aug 22, 2018"
"ID-180822-001","ZGR-000000054","STC-000000668","ROBINSONS SPMKT MONTALBAN TOWN CENTER","JF000889","FFM1LX2sX6 save P15",13.32,"FOOD","GSRT-B01-15,GSRT-B01-16,GSRT-B01-17,GSRT-B01-18,ZEU-C02-01","ZEU000000054","ZEU000000054",56,56,"Aug 22, 2018"
"ID-180822-001","ZGR-000000055","STC-000000668","ROBINSONS SPMKT MONTALBAN TOWN CENTER","JF000889","FFM1LX2sX6 save P15",13.32,"FOOD","GSRT-B01-15,GSRT-B01-16,GSRT-B01-17,GSRT-B01-18,ZEU-C02-01","ZEU000000055","ZEU000000055",1,1,"Aug 22, 2018"
"ID-180822-001","ZGR-000000055","STC-000000674","ROBINSONS SPMKT RP PIONEER","JF000889","FFM1LX2sX6 save P15",13.32,"FOOD","GSRT-B01-08,GSRT-B01-09","ZEU000000055","GRC-009",29,29,"Aug 22, 2018"
"ID-180822-001","ZGR-000000055","STC-000000678","ROBINSONS SPMKT SOUTHPARK MALL","JF000889","FFM1LX2sX6 save P15",13.32,"FOOD","GSRT-B01-21,GSRT-B01-22","ZEU000000055","GRC-022",26,26,"Aug 22, 2018"
"ID-180822-001","ZGR-000000035","STC-000000641","ROBINSONS SPMKT ANTIPOLO","JF000955","SK ORANGE 1L x 12S",13.2,"FOOD","GSRT-B01-01,GSRT-B01-02","ZEU000000035","GRC-002",1,1,"Aug 22, 2018"
"ID-180822-001","ZGR-000000035","STC-000000647","ROBINSONS SPMKT CAINTA","JF000955","SK ORANGE 1L x 12S",13.2,"FOOD","GSRT-B01-05,GSRT-B01-06,ZEU-C01-01","ZEU000000035","GRC-006",1,1,"Aug 22, 2018"
"ID-180822-001","ZGR-000000035","STC-000000648","ROBINSONS SPMKT CALIFORNIA","JF000955","SK ORANGE 1L x 12S",13.2,"FOOD","GSRT-B01-10,GSRT-B01-11,GSRT-B01-12","ZEU000000035","GRC-012",1,1,"Aug 22, 2018"
"ID-180822-001","ZGR-000000035","STC-000000666","ROBINSONS SPMKT METRO EAST","JF000955","SK ORANGE 1L x 12S",13.2,"FOOD","GSRT-B02-19,GSRT-B02-20","ZEU000000035","GRC-043",3,3,"Aug 22, 2018"
"ID-180822-001","ZGR-000000035","STC-000000674","ROBINSONS SPMKT RP PIONEER","JF000955","SK ORANGE 1L x 12S",13.2,"FOOD","GSRT-B01-08,GSRT-B01-09","ZEU000000035","GRC-009",5,5,"Aug 22, 2018"
"ID-180822-001","ZGR-000000035","STC-000000677","ROBINSONS SPMKT SELECTIONS 8 FORBES","JF000955","SK ORANGE 1L x 12S",13.2,"FOOD","GSRT-B02-05","ZEU000000035","GRC-028",2,2,"Aug 22, 2018"
"ID-180822-001","ZGR-000000063","STC-000000521","PUREGOLD JR SAN DIONISIO","JF000942","SEL FILLED MILK 1 LITER X 12",13.19,"FOOD","GSRT-B02-22","ZEU000000063","GRC-045",2,2,"Aug 22, 2018"
"ID-180822-001","ZGR-000000063","STC-000000601","PUREGOLD PRICE CLUB SOUTH PARK","JF000942","SEL FILLED MILK 1 LITER X 12",13.19,"FOOD","GSRT-B02-23","ZEU000000063","GRC-046",4,4,"Aug 22, 2018"
"ID-180822-001","ZGR-000000063","STC-000000627","ROBINSONS EASYMART AGUIRRE","JF000942","SEL FILLED MILK 1 LITER X 12",13.19,"FOOD","GSRT-B02-24","ZEU000000063","GRC-047",1,1,"Aug 22, 2018"
"ID-180822-001","ZGR-000000063","STC-000000628","ROBINSONS EASYMART ANTIPOLO","JF000942","SEL FILLED MILK 1 LITER X 12",13.19,"FOOD","GSRT-B01-03","ZEU000000063","GRC-003",1,1,"Aug 22, 2018"
"ID-180822-001","ZGR-000000063","STC-000000641","ROBINSONS SPMKT ANTIPOLO","JF000942","SEL FILLED MILK 1 LITER X 12",13.19,"FOOD","GSRT-B01-01,GSRT-B01-02","ZEU000000063","GRC-002",4,4,"Aug 22, 2018"
"ID-180822-001","ZGR-000000063","STC-000000645","ROBINSONS SPMKT BF PARANAQUE","JF000942","SEL FILLED MILK 1 LITER X 12",13.19,"FOOD","GSRT-B01-25,GSRT-B02-25","ZEU000000063","GRC-048",3,3,"Aug 22, 2018"
"ID-180822-001","ZGR-000000063","STC-000000647","ROBINSONS SPMKT CAINTA","JF000942","SEL FILLED MILK 1 LITER X 12",13.19,"FOOD","GSRT-B01-05,GSRT-B01-06,ZEU-C01-01","ZEU000000063","GRC-006",4,4,"Aug 22, 2018"
"ID-180822-001","ZGR-000000063","STC-000000648","ROBINSONS SPMKT CALIFORNIA","JF000942","SEL FILLED MILK 1 LITER X 12",13.19,"FOOD","GSRT-B01-10,GSRT-B01-11,GSRT-B01-12","ZEU000000063","GRC-012",2,2,"Aug 22, 2018"
"ID-180822-001","ZGR-000000063","STC-000000658","ROBINSONS SPMKT GRAND CANAL MCKINLEY","JF000942","SEL FILLED MILK 1 LITER X 12",13.19,"FOOD","GSRT-B02-04","ZEU000000063","GRC-027",2,2,"Aug 22, 2018"
"ID-180822-001","ZGR-000000063","STC-000000659","ROBINSONS SPMKT KARANGALAN","JF000942","SEL FILLED MILK 1 LITER X 12",13.19,"FOOD","GSRT-B02-14,GSRT-B02-15","ZEU000000063","GRC-038",4,4,"Aug 22, 2018"
"ID-180822-001","ZGR-000000063","STC-000000666","ROBINSONS SPMKT METRO EAST","JF000942","SEL FILLED MILK 1 LITER X 12",13.19,"FOOD","GSRT-B02-19,GSRT-B02-20","ZEU000000063","GRC-043",5,5,"Aug 22, 2018"
"ID-180822-001","ZGR-000000063","STC-000000668","ROBINSONS SPMKT MONTALBAN TOWN CENTER","JF000942","SEL FILLED MILK 1 LITER X 12",13.19,"FOOD","GSRT-B01-15,GSRT-B01-16,GSRT-B01-17,GSRT-B01-18,ZEU-C02-01","ZEU000000063","GRC-018",10,10,"Aug 22, 2018"
"ID-180822-001","ZGR-000000063","STC-000000677","ROBINSONS SPMKT SELECTIONS 8 FORBES","JF000942","SEL FILLED MILK 1 LITER X 12",13.19,"FOOD","GSRT-B02-05","ZEU000000063","GRC-028",2,2,"Aug 22, 2018"
"ID-180822-001","ZGR-000000063","STC-000000093","ISETANN SUPERMARKET STA. MESA","JF000942","SEL FILLED MILK 1 LITER X 12",13.19,"FOOD","GSRT-B01-13","ZEU000000063","GRC-013",1,1,"Aug 22, 2018"
"ID-180822-001","ZGR-000000075","STC-000000601","PUREGOLD PRICE CLUB SOUTH PARK","RF000050","ROYAL PREMIUM ELBOW MAC 400G",13,"FOOD","GSRT-B02-23","ZEU000000075","GRC-046",1,1,"Aug 22, 2018"
"ID-180822-001","ZGR-000000075","STC-000000647","ROBINSONS SPMKT CAINTA","RF000050","ROYAL PREMIUM ELBOW MAC 400G",13,"FOOD","GSRT-B01-05,GSRT-B01-06,ZEU-C01-01","ZEU000000075","GRC-006",1,1,"Aug 22, 2018"
"ID-180822-001","ZGR-000000075","STC-000000648","ROBINSONS SPMKT CALIFORNIA","RF000050","ROYAL PREMIUM ELBOW MAC 400G",13,"FOOD","GSRT-B01-10,GSRT-B01-11,GSRT-B01-12","ZEU000000075","GRC-012",2,2,"Aug 22, 2018"
"ID-180822-001","ZGR-000000075","STC-000000666","ROBINSONS SPMKT METRO EAST","RF000050","ROYAL PREMIUM ELBOW MAC 400G",13,"FOOD","GSRT-B02-19,GSRT-B02-20","ZEU000000075","GRC-043",1,1,"Aug 22, 2018"
"ID-180822-001","ZGR-000000075","STC-000001003","ULTRA MEGA MUNTINLUPA (RETAIL)","RF000050","ROYAL PREMIUM ELBOW MAC 400G",13,"FOOD","GSRT-B01-19,GSRT-B01-20","ZEU000000075","GRC-020",5,5,"Aug 22, 2018"
"ID-180822-001","ZGR-000000013","STC-000000664","ROBINSONS SPMKT MERCEDES","RF000051","ROYAL PREMIUM ELBOW MAC 1KG",12.96,"FOOD","GSRT-B02-17,GSRT-B02-18","ZEU000000013","GRC-041",1,1,"Aug 22, 2018"
"ID-180822-001","ZGR-000000041","STC-000000521","PUREGOLD JR SAN DIONISIO","WF000257","WK APF BUNDLE PACK2KGX6",12.95,"FOOD","GSRT-B02-22","ZEU000000041","GRC-045",1,1,"Aug 22, 2018"
"ID-180822-001","ZGR-000000041","STC-000000627","ROBINSONS EASYMART AGUIRRE","WF000257","WK APF BUNDLE PACK2KGX6",12.95,"FOOD","GSRT-B02-24","ZEU000000041","GRC-047",1,1,"Aug 22, 2018"
"ID-180822-001","ZGR-000000041","STC-000000648","ROBINSONS SPMKT CALIFORNIA","WF000257","WK APF BUNDLE PACK2KGX6",12.95,"FOOD","GSRT-B01-10,GSRT-B01-11,GSRT-B01-12","ZEU000000041","GRC-012",1,1,"Aug 22, 2018"
"ID-180822-001","ZGR-000000041","STC-000000668","ROBINSONS SPMKT MONTALBAN TOWN CENTER","WF000257","WK APF BUNDLE PACK2KGX6",12.95,"FOOD","GSRT-B01-15,GSRT-B01-16,GSRT-B01-17,GSRT-B01-18,ZEU-C02-01","ZEU000000041","GRC-018",1,1,"Aug 22, 2018"
"ID-180822-001","ZGR-000000041","STC-000000674","ROBINSONS SPMKT RP PIONEER","WF000257","WK APF BUNDLE PACK2KGX6",12.95,"FOOD","GSRT-B01-08,GSRT-B01-09","ZEU000000041","GRC-009",1,1,"Aug 22, 2018"
"ID-180822-001","ZGR-000000018","STC-000000647","ROBINSONS SPMKT CAINTA","RF000053","ROYAL PREMIUM SALAD MAC 400G",12.93,"FOOD","GSRT-B01-05,GSRT-B01-06,ZEU-C01-01","ZEU000000018","GRC-006",1,1,"Aug 22, 2018"
"ID-180822-001","ZGR-000000022","STC-000000094","JAYNITH'S SUPERMART PASIG","WF000191","FIESTA SWEET 500GX24",12.83,"FOOD","GSRT-B02-09","ZEU000000022","GRC-032",1,1,"Aug 22, 2018"
"ID-180822-001","ZGR-000000022","STC-000000095","JAYNITH'S SUPERMART SAN MATEO","WF000191","FIESTA SWEET 500GX24",12.83,"FOOD","GSRT-B02-06","ZEU000000022","GRC-029",1,1,"Aug 22, 2018"
"ID-180822-001","ZGR-000000022","STC-000000647","ROBINSONS SPMKT CAINTA","WF000191","FIESTA SWEET 500GX24",12.83,"FOOD","GSRT-B01-05,GSRT-B01-06,ZEU-C01-01","ZEU000000022","GRC-006",1,1,"Aug 22, 2018"
"ID-180822-001","ZGR-000000022","STC-000000663","ROBINSONS SPMKT MARIPOSA","WF000191","FIESTA SWEET 500GX24",12.83,"FOOD","GSRT-B02-16","ZEU000000022","GRC-039",1,1,"Aug 22, 2018"
"ID-180822-001","ZGR-000000022","STC-000000665","ROBINSONS SPMKT MERVILLE","WF000191","FIESTA SWEET 500GX24",12.83,"FOOD","GSRT-B01-24","ZEU000000022","GRC-024",2,2,"Aug 22, 2018"
"ID-180822-001","ZGR-000000022","STC-000000666","ROBINSONS SPMKT METRO EAST","WF000191","FIESTA SWEET 500GX24",12.83,"FOOD","GSRT-B02-19,GSRT-B02-20","ZEU000000022","GRC-043",2,2,"Aug 22, 2018"
"ID-180822-001","ZGR-000000022","STC-000000668","ROBINSONS SPMKT MONTALBAN TOWN CENTER","WF000191","FIESTA SWEET 500GX24",12.83,"FOOD","GSRT-B01-15,GSRT-B01-16,GSRT-B01-17,GSRT-B01-18,ZEU-C02-01","ZEU000000022","GRC-018",2,2,"Aug 22, 2018"
"ID-180822-001","ZGR-000000062","STC-000000095","JAYNITH'S SUPERMART SAN MATEO","WF000190","FIESTA SWEET 1KGX12",12.73,"FOOD","GSRT-B02-06","ZEU000000062","GRC-029",1,1,"Aug 22, 2018"
"ID-180822-001","ZGR-000000062","STC-000000628","ROBINSONS EASYMART ANTIPOLO","WF000190","FIESTA SWEET 1KGX12",12.73,"FOOD","GSRT-B01-03","ZEU000000062","GRC-003",1,1,"Aug 22, 2018"
"ID-180822-001","ZGR-000000062","STC-000000641","ROBINSONS SPMKT ANTIPOLO","WF000190","FIESTA SWEET 1KGX12",12.73,"FOOD","GSRT-B01-01,GSRT-B01-02","ZEU000000062","GRC-002",1,1,"Aug 22, 2018"
"ID-180822-001","ZGR-000000062","STC-000000663","ROBINSONS SPMKT MARIPOSA","WF000190","FIESTA SWEET 1KGX12",12.73,"FOOD","GSRT-B02-16","ZEU000000062","GRC-039",1,1,"Aug 22, 2018"
"ID-180822-001","ZGR-000000062","STC-000000665","ROBINSONS SPMKT MERVILLE","WF000190","FIESTA SWEET 1KGX12",12.73,"FOOD","GSRT-B01-24","ZEU000000062","GRC-024",1,1,"Aug 22, 2018"
"ID-180822-001","ZGR-000000062","STC-000000668","ROBINSONS SPMKT MONTALBAN TOWN CENTER","WF000190","FIESTA SWEET 1KGX12",12.73,"FOOD","GSRT-B01-15,GSRT-B01-16,GSRT-B01-17,GSRT-B01-18,ZEU-C02-01","ZEU000000062","GRC-018",2,2,"Aug 22, 2018"
"ID-180822-001","ZGR-000000062","STC-000000669","ROBINSONS SPMKT MOONWALK EASYMART","WF000190","FIESTA SWEET 1KGX12",12.73,"FOOD","GSRT-B01-07","ZEU000000062","GRC-007",1,1,"Aug 22, 2018"
"ID-180822-001","ZGR-000000001","STC-000000647","ROBINSONS SPMKT CAINTA","WF000174","WK SpagSauce 3Cheese 1kg",12.68,"FOOD","GSRT-B01-05,GSRT-B01-06,ZEU-C01-01","ZEU000000001","GRC-006",2,2,"Aug 22, 2018"
"ID-180822-001","ZGR-000000001","STC-000000668","ROBINSONS SPMKT MONTALBAN TOWN CENTER","WF000174","WK SpagSauce 3Cheese 1kg",12.68,"FOOD","GSRT-B01-15,GSRT-B01-16,GSRT-B01-17,GSRT-B01-18,ZEU-C02-01","ZEU000000001","GRC-018",3,3,"Aug 22, 2018"
"ID-180822-001","ZGR-000000065","STC-000000601","PUREGOLD PRICE CLUB SOUTH PARK","WF000284","FIESTA ELBOW BIG 1KG X12",12.68,"FOOD","GSRT-B02-23","ZEU000000065","GRC-046",1,1,"Aug 22, 2018"
"ID-180822-001","ZGR-000000065","STC-000000641","ROBINSONS SPMKT ANTIPOLO","WF000284","FIESTA ELBOW BIG 1KG X12",12.68,"FOOD","GSRT-B01-01,GSRT-B01-02","ZEU000000065","GRC-002",1,1,"Aug 22, 2018"
"ID-180822-001","ZGR-000000065","STC-000000659","ROBINSONS SPMKT KARANGALAN","WF000284","FIESTA ELBOW BIG 1KG X12",12.68,"FOOD","GSRT-B02-14,GSRT-B02-15","ZEU000000065","GRC-038",1,1,"Aug 22, 2018"
"ID-180822-001","ZGR-000000065","STC-000000668","ROBINSONS SPMKT MONTALBAN TOWN CENTER","WF000284","FIESTA ELBOW BIG 1KG X12",12.68,"FOOD","GSRT-B01-15,GSRT-B01-16,GSRT-B01-17,GSRT-B01-18,ZEU-C02-01","ZEU000000065","GRC-018",1,1,"Aug 22, 2018"
"ID-180822-001","ZGR-000000019","STC-000000666","ROBINSONS SPMKT METRO EAST","WF000202","FIESTA SALAD MAC 1kGX12",12.63,"FOOD","GSRT-B02-19,GSRT-B02-20","ZEU000000019","GRC-043",1,1,"Aug 22, 2018"
"ID-180822-001","ZGR-000000076","STC-000000645","ROBINSONS SPMKT BF PARANAQUE","RF000041","ROYAL TBASIL SPAG SAUCE1KGX12",12.6,"FOOD","GSRT-B01-25,GSRT-B02-25","ZEU000000076","GRC-048",1,1,"Aug 22, 2018"
"ID-180822-001","ZGR-000000076","STC-000000663","ROBINSONS SPMKT MARIPOSA","RF000041","ROYAL TBASIL SPAG SAUCE1KGX12",12.6,"FOOD","GSRT-B02-16","ZEU000000076","GRC-039",1,1,"Aug 22, 2018"
"ID-180822-001","ZGR-000000076","STC-000000731","SAN ROQUE SPMKT PUNTURIN","RF000041","ROYAL TBASIL SPAG SAUCE1KGX12",12.6,"FOOD","GSRT-B02-03","ZEU000000076","GRC-026",1,1,"Aug 22, 2018"
"ID-180822-001","ZGR-000000044","STC-000000647","ROBINSONS SPMKT CAINTA","RF000083","ROYAL FILIPINO SPAGHETTI SAUCE",12.5,"FOOD","GSRT-B01-05,GSRT-B01-06,ZEU-C01-01","ZEU000000044","GRC-006",1,1,"Aug 22, 2018"
"ID-180822-001","ZGR-000000033","STC-000000601","PUREGOLD PRICE CLUB SOUTH PARK","WF000375","FIESTA ELBOW MAC 400G X 30",12.45,"FOOD","GSRT-B02-23","ZEU000000033","GRC-046",1,1,"Aug 22, 2018"
"ID-180822-001","ZGR-000000033","STC-000000655","ROBINSONS SPMKT EASTWOOD TECHNO","WF000375","FIESTA ELBOW MAC 400G X 30",12.45,"FOOD","GSRT-B02-07,GSRT-B02-08","ZEU000000033","GRC-031",1,1,"Aug 22, 2018"
"ID-180822-001","ZGR-000000033","STC-000000668","ROBINSONS SPMKT MONTALBAN TOWN CENTER","WF000375","FIESTA ELBOW MAC 400G X 30",12.45,"FOOD","GSRT-B01-15,GSRT-B01-16,GSRT-B01-17,GSRT-B01-18,ZEU-C02-01","ZEU000000033","GRC-018",1,1,"Aug 22, 2018"
"ID-180822-001","ZGR-000000033","STC-000000678","ROBINSONS SPMKT SOUTHPARK MALL","WF000375","FIESTA ELBOW MAC 400G X 30",12.45,"FOOD","GSRT-B01-21,GSRT-B01-22","ZEU000000033","GRC-022",2,2,"Aug 22, 2018"
"ID-180822-001","ZGR-000000033","STC-000000724","SAN ROQUE SPMKT CAINTA 2","WF000375","FIESTA ELBOW MAC 400G X 30",12.45,"FOOD","GSRT-B01-04","ZEU000000033","GRC-004",1,1,"Aug 22, 2018"
"ID-180822-001","ZGR-000000043","STC-000000678","ROBINSONS SPMKT SOUTHPARK MALL","WF000377","FIESTA SALAD MACARONI 400G X 30",12.45,"FOOD","GSRT-B01-21,GSRT-B01-22","ZEU000000043","GRC-022",1,1,"Aug 22, 2018"
"ID-180822-001","ZGR-000000008","STC-000000659","ROBINSONS SPMKT KARANGALAN","RF000049","ROYAL PREMIUM ELBOW MAC 200G",12.31,"FOOD","GSRT-B02-14,GSRT-B02-15","ZEU000000008","GRC-038",1,1,"Aug 22, 2018"
"ID-180822-001","ZGR-000000083","STC-000000647","ROBINSONS SPMKT CAINTA","RF000074","ROYAL 4CHEESE 1 KG X 12",12.3,"FOOD","GSRT-B01-05,GSRT-B01-06,ZEU-C01-01","ZEU000000083","GRC-006",1,1,"Aug 22, 2018"
"ID-180822-001","ZGR-000000083","STC-000000648","ROBINSONS SPMKT CALIFORNIA","RF000074","ROYAL 4CHEESE 1 KG X 12",12.3,"FOOD","GSRT-B01-10,GSRT-B01-11,GSRT-B01-12","ZEU000000083","GRC-012",2,2,"Aug 22, 2018"
"ID-180822-001","ZGR-000000083","STC-000000659","ROBINSONS SPMKT KARANGALAN","RF000074","ROYAL 4CHEESE 1 KG X 12",12.3,"FOOD","GSRT-B02-14,GSRT-B02-15","ZEU000000083","GRC-038",1,1,"Aug 22, 2018"
"ID-180822-001","ZGR-000000006","STC-000000521","PUREGOLD JR SAN DIONISIO","JF001006","Super Choco Doy 150ml x 6s x 12s",11.77,"FOOD","GSRT-B02-22","ZEU000000006","GRC-045",1,1,"Aug 22, 2018"
"ID-180822-001","ZGR-000000034","STC-000000601","PUREGOLD PRICE CLUB SOUTH PARK","WF000184","WK HTCAKE CRMYCLASIC200GX48",11.75,"FOOD","GSRT-B02-23","ZEU000000034","GRC-046",1,1,"Aug 22, 2018"
"ID-180822-001","ZGR-000000034","STC-000000724","SAN ROQUE SPMKT CAINTA 2","WF000184","WK HTCAKE CRMYCLASIC200GX48",11.75,"FOOD","GSRT-B01-04","ZEU000000034","GRC-004",1,1,"Aug 22, 2018"
"ID-180822-001","ZGR-000000059","STC-000000601","PUREGOLD PRICE CLUB SOUTH PARK","WF000376","FIESTA ELBOW MACARONI 200G X 56",11.65,"FOOD","GSRT-B02-23","ZEU000000059","GRC-046",1,1,"Aug 22, 2018"
"ID-180822-001","ZGR-000000059","STC-000000647","ROBINSONS SPMKT CAINTA","WF000376","FIESTA ELBOW MACARONI 200G X 56",11.65,"FOOD","GSRT-B01-05,GSRT-B01-06,ZEU-C01-01","ZEU000000059","GRC-006",1,1,"Aug 22, 2018"
"ID-180822-001","ZGR-000000059","STC-000000731","SAN ROQUE SPMKT PUNTURIN","WF000376","FIESTA ELBOW MACARONI 200G X 56",11.65,"FOOD","GSRT-B02-03","ZEU000000059","GRC-026",1,1,"Aug 22, 2018"
"ID-180822-001","ZGR-000000059","STC-000000724","SAN ROQUE SPMKT CAINTA 2","WF000376","FIESTA ELBOW MACARONI 200G X 56",11.65,"FOOD","GSRT-B01-04","ZEU000000059","GRC-004",1,1,"Aug 22, 2018"
"ID-180822-001","ZGR-000000074","STC-000000668","ROBINSONS SPMKT MONTALBAN TOWN CENTER","WF000211","WK NATIVE PUTO200GX48",11.62,"FOOD","GSRT-B01-15,GSRT-B01-16,GSRT-B01-17,GSRT-B01-18,ZEU-C02-01","ZEU000000074","GRC-018",1,1,"Aug 22, 2018"
"ID-180822-001","ZGR-000000061","STC-000000645","ROBINSONS SPMKT BF PARANAQUE","WF000212","WK NATIVE PUTO400G X 24",11.37,"FOOD","GSRT-B01-25,GSRT-B02-25","ZEU000000061","GRC-048",1,1,"Aug 22, 2018"
"ID-180822-001","ZGR-000000079","STC-000000648","ROBINSONS SPMKT CALIFORNIA","WF000183","WK HTCAKE CRMYCLASIC400GX24",11.37,"FOOD","GSRT-B01-10,GSRT-B01-11,GSRT-B01-12","ZEU000000079","GRC-012",1,1,"Aug 22, 2018"
"ID-180822-001","ZGR-000000079","STC-000000664","ROBINSONS SPMKT MERCEDES","WF000183","WK HTCAKE CRMYCLASIC400GX24",11.37,"FOOD","GSRT-B02-17,GSRT-B02-18","ZEU000000079","GRC-041",1,1,"Aug 22, 2018"
"ID-180822-001","ZGR-000000079","STC-000000677","ROBINSONS SPMKT SELECTIONS 8 FORBES","WF000183","WK HTCAKE CRMYCLASIC400GX24",11.37,"FOOD","GSRT-B02-05","ZEU000000079","GRC-028",1,1,"Aug 22, 2018"
"ID-180822-001","ZGR-000000037","STC-000000626","ROBINSONS DEPT STORE GALLERIA","WF000176","WKHTCAKE COMPLTE SYRUP400GX24",11.33,"FOOD","GSRT-B02-10,GSRT-B02-11,GSRT-B02-12","ZEU000000037","GRC-035",3,3,"Aug 22, 2018"
"ID-180822-001","ZGR-000000037","STC-000000641","ROBINSONS SPMKT ANTIPOLO","WF000176","WKHTCAKE COMPLTE SYRUP400GX24",11.33,"FOOD","GSRT-B01-01,GSRT-B01-02","ZEU000000037","GRC-002",3,3,"Aug 22, 2018"
"ID-180822-001","ZGR-000000037","STC-000000645","ROBINSONS SPMKT BF PARANAQUE","WF000176","WKHTCAKE COMPLTE SYRUP400GX24",11.33,"FOOD","GSRT-B01-25,GSRT-B02-25","ZEU000000037","GRC-048",1,1,"Aug 22, 2018"
"ID-180822-001","ZGR-000000037","STC-000000647","ROBINSONS SPMKT CAINTA","WF000176","WKHTCAKE COMPLTE SYRUP400GX24",11.33,"FOOD","GSRT-B01-05,GSRT-B01-06,ZEU-C01-01","ZEU000000037","GRC-006",3,3,"Aug 22, 2018"
"ID-180822-001","ZGR-000000037","STC-000000655","ROBINSONS SPMKT EASTWOOD TECHNO","WF000176","WKHTCAKE COMPLTE SYRUP400GX24",11.33,"FOOD","GSRT-B02-07,GSRT-B02-08","ZEU000000037","GRC-031",1,1,"Aug 22, 2018"
"ID-180822-001","ZGR-000000037","STC-000000659","ROBINSONS SPMKT KARANGALAN","WF000176","WKHTCAKE COMPLTE SYRUP400GX24",11.33,"FOOD","GSRT-B02-14,GSRT-B02-15","ZEU000000037","GRC-038",1,1,"Aug 22, 2018"
"ID-180822-001","ZGR-000000037","STC-000000664","ROBINSONS SPMKT MERCEDES","WF000176","WKHTCAKE COMPLTE SYRUP400GX24",11.33,"FOOD","GSRT-B02-17,GSRT-B02-18","ZEU000000037","GRC-041",1,1,"Aug 22, 2018"
"ID-180822-001","ZGR-000000037","STC-000000666","ROBINSONS SPMKT METRO EAST","WF000176","WKHTCAKE COMPLTE SYRUP400GX24",11.33,"FOOD","GSRT-B02-19,GSRT-B02-20","ZEU000000037","GRC-043",1,1,"Aug 22, 2018"
"ID-180822-001","ZGR-000000037","STC-000000677","ROBINSONS SPMKT SELECTIONS 8 FORBES","WF000176","WKHTCAKE COMPLTE SYRUP400GX24",11.33,"FOOD","GSRT-B02-05","ZEU000000037","GRC-028",2,2,"Aug 22, 2018"
"ID-180822-001","ZGR-000000037","STC-000000724","SAN ROQUE SPMKT CAINTA 2","WF000176","WKHTCAKE COMPLTE SYRUP400GX24",11.33,"FOOD","GSRT-B01-04","ZEU000000037","GRC-004",1,1,"Aug 22, 2018"
"ID-180822-001","ZGR-000000073","STC-000000521","PUREGOLD JR SAN DIONISIO","WF000326","FIESTA SPAGHETTI 900g X 12",11.31,"FOOD","GSRT-B02-22","ZEU000000073","GRC-045",2,2,"Aug 22, 2018"
"ID-180822-001","ZGR-000000073","STC-000000601","PUREGOLD PRICE CLUB SOUTH PARK","WF000326","FIESTA SPAGHETTI 900g X 12",11.31,"FOOD","GSRT-B02-23","ZEU000000073","GRC-046",4,4,"Aug 22, 2018"
"ID-180822-001","ZGR-000000073","STC-000000641","ROBINSONS SPMKT ANTIPOLO","WF000326","FIESTA SPAGHETTI 900g X 12",11.31,"FOOD","GSRT-B01-01,GSRT-B01-02","ZEU000000073","GRC-002",7,7,"Aug 22, 2018"
"ID-180822-001","ZGR-000000073","STC-000000647","ROBINSONS SPMKT CAINTA","WF000326","FIESTA SPAGHETTI 900g X 12",11.31,"FOOD","GSRT-B01-05,GSRT-B01-06,ZEU-C01-01","ZEU000000073","GRC-006",11,11,"Aug 22, 2018"
"ID-180822-001","ZGR-000000073","STC-000000655","ROBINSONS SPMKT EASTWOOD TECHNO","WF000326","FIESTA SPAGHETTI 900g X 12",11.31,"FOOD","GSRT-B02-07,GSRT-B02-08","ZEU000000073","GRC-031",4,4,"Aug 22, 2018"
"ID-180822-001","ZGR-000000073","STC-000000658","ROBINSONS SPMKT GRAND CANAL MCKINLEY","WF000326","FIESTA SPAGHETTI 900g X 12",11.31,"FOOD","GSRT-B02-04","ZEU000000073","GRC-027",2,2,"Aug 22, 2018"
"ID-180822-001","ZGR-000000073","STC-000000659","ROBINSONS SPMKT KARANGALAN","WF000326","FIESTA SPAGHETTI 900g X 12",11.31,"FOOD","GSRT-B02-14,GSRT-B02-15","ZEU000000073","GRC-038",17,17,"Aug 22, 2018"
"ID-180822-001","ZGR-000000073","STC-000000668","ROBINSONS SPMKT MONTALBAN TOWN CENTER","WF000326","FIESTA SPAGHETTI 900g X 12",11.31,"FOOD","GSRT-B01-15,GSRT-B01-16,GSRT-B01-17,GSRT-B01-18,ZEU-C02-01","ZEU000000073","GRC-018",18,18,"Aug 22, 2018"
"ID-180822-001","ZGR-000000073","STC-000000674","ROBINSONS SPMKT RP PIONEER","WF000326","FIESTA SPAGHETTI 900g X 12",11.31,"FOOD","GSRT-B01-08,GSRT-B01-09","ZEU000000073","GRC-009",3,3,"Aug 22, 2018"
"ID-180822-001","ZGR-000000073","STC-000000678","ROBINSONS SPMKT SOUTHPARK MALL","WF000326","FIESTA SPAGHETTI 900g X 12",11.31,"FOOD","GSRT-B01-21,GSRT-B01-22","ZEU000000073","GRC-022",7,7,"Aug 22, 2018"
"ID-180822-001","ZGR-000000072","STC-000000521","PUREGOLD JR SAN DIONISIO","WF000326","FIESTA SPAGHETTI 900g X 12",11.31,"FOOD","GSRT-B02-22","ZEU000000072","GRC-045",2,2,"Aug 22, 2018"
"ID-180822-001","ZGR-000000072","STC-000000601","PUREGOLD PRICE CLUB SOUTH PARK","WF000326","FIESTA SPAGHETTI 900g X 12",11.31,"FOOD","GSRT-B02-23","ZEU000000072","GRC-046",1,1,"Aug 22, 2018"
"ID-180822-001","ZGR-000000002","STC-000000521","PUREGOLD JR SAN DIONISIO","WF000198","FIESTA SPAGHETTI 450Gx24",11.23,"FOOD","GSRT-B02-22","ZEU000000002","GRC-045",1,1,"Aug 22, 2018"
"ID-180822-001","ZGR-000000002","STC-000000647","ROBINSONS SPMKT CAINTA","WF000198","FIESTA SPAGHETTI 450Gx24",11.23,"FOOD","GSRT-B01-05,GSRT-B01-06,ZEU-C01-01","ZEU000000002","GRC-006",2,2,"Aug 22, 2018"
"ID-180822-001","ZGR-000000002","STC-000000659","ROBINSONS SPMKT KARANGALAN","WF000198","FIESTA SPAGHETTI 450Gx24",11.23,"FOOD","GSRT-B02-14,GSRT-B02-15","ZEU000000002","GRC-038",2,2,"Aug 22, 2018"
"ID-180822-001","ZGR-000000010","STC-000000658","ROBINSONS SPMKT GRAND CANAL MCKINLEY","WF000182","WK Double choco chip 180gx48",10.77,"FOOD","GSRT-B02-04","ZEU000000010","GRC-027",1,1,"Aug 22, 2018"
"ID-180822-001","ZGR-000000014","STC-000000601","PUREGOLD PRICE CLUB SOUTH PARK","WF000409","FIESTA P59 3CHEESE TIPID X 12",10.5,"FOOD","GSRT-B02-23","ZEU000000014","GRC-046",1,1,"Aug 22, 2018"
"ID-180822-001","ZGR-000000014","STC-000000626","ROBINSONS DEPT STORE GALLERIA","WF000409","FIESTA P59 3CHEESE TIPID X 12",10.5,"FOOD","GSRT-B02-10,GSRT-B02-11,GSRT-B02-12","ZEU000000014","GRC-035",1,1,"Aug 22, 2018"
"ID-180822-001","ZGR-000000014","STC-000000628","ROBINSONS EASYMART ANTIPOLO","WF000409","FIESTA P59 3CHEESE TIPID X 12",10.5,"FOOD","GSRT-B01-03","ZEU000000014","GRC-003",1,1,"Aug 22, 2018"
"ID-180822-001","ZGR-000000014","STC-000000641","ROBINSONS SPMKT ANTIPOLO","WF000409","FIESTA P59 3CHEESE TIPID X 12",10.5,"FOOD","GSRT-B01-01,GSRT-B01-02","ZEU000000014","GRC-002",1,1,"Aug 22, 2018"
"ID-180822-001","ZGR-000000014","STC-000000647","ROBINSONS SPMKT CAINTA","WF000409","FIESTA P59 3CHEESE TIPID X 12",10.5,"FOOD","GSRT-B01-05,GSRT-B01-06,ZEU-C01-01","ZEU000000014","GRC-006",2,2,"Aug 22, 2018"
"ID-180822-001","ZGR-000000014","STC-000000648","ROBINSONS SPMKT CALIFORNIA","WF000409","FIESTA P59 3CHEESE TIPID X 12",10.5,"FOOD","GSRT-B01-10,GSRT-B01-11,GSRT-B01-12","ZEU000000014","GRC-012",1,1,"Aug 22, 2018"
"ID-180822-001","ZGR-000000014","STC-000000657","ROBINSONS SPMKT GRACELAND","WF000409","FIESTA P59 3CHEESE TIPID X 12",10.5,"FOOD","GSRT-B01-14","ZEU000000014","GRC-014",1,1,"Aug 22, 2018"
"ID-180822-001","ZGR-000000014","STC-000000659","ROBINSONS SPMKT KARANGALAN","WF000409","FIESTA P59 3CHEESE TIPID X 12",10.5,"FOOD","GSRT-B02-14,GSRT-B02-15","ZEU000000014","GRC-038",2,2,"Aug 22, 2018"
"ID-180822-001","ZGR-000000014","STC-000000666","ROBINSONS SPMKT METRO EAST","WF000409","FIESTA P59 3CHEESE TIPID X 12",10.5,"FOOD","GSRT-B02-19,GSRT-B02-20","ZEU000000014","GRC-043",2,2,"Aug 22, 2018"
"ID-180822-001","ZGR-000000014","STC-000000668","ROBINSONS SPMKT MONTALBAN TOWN CENTER","WF000409","FIESTA P59 3CHEESE TIPID X 12",10.5,"FOOD","GSRT-B01-15,GSRT-B01-16,GSRT-B01-17,GSRT-B01-18,ZEU-C02-01","ZEU000000014","GRC-018",17,17,"Aug 22, 2018"
"ID-180822-001","ZGR-000000014","STC-000000678","ROBINSONS SPMKT SOUTHPARK MALL","WF000409","FIESTA P59 3CHEESE TIPID X 12",10.5,"FOOD","GSRT-B01-21,GSRT-B01-22","ZEU000000014","GRC-022",1,1,"Aug 22, 2018"
"ID-180822-001","ZGR-000000011","STC-000000655","ROBINSONS SPMKT EASTWOOD TECHNO","WF000177","WK Double choco chip 360gx24",10.5,"FOOD","GSRT-B02-07,GSRT-B02-08","ZEU000000011","GRC-031",1,1,"Aug 22, 2018"
"ID-180822-001","ZGR-000000085","STC-000000521","PUREGOLD JR SAN DIONISIO","WF000378","FIESTA P59 SWEET SPAGTIPID 850G X 12",10,"FOOD","GSRT-B02-22","ZEU000000085","GRC-045",1,1,"Aug 22, 2018"
"ID-180822-001","ZGR-000000021","STC-000000664","ROBINSONS SPMKT MERCEDES","JF000894","MOO-AT SCHOCO 245MLX24",6.82,"FOOD","GSRT-B02-17,GSRT-B02-18","ZEU000000021","GRC-041",1,1,"Aug 22, 2018"
"ID-180822-001","ZGR-000000012","STC-000000626","ROBINSONS DEPT STORE GALLERIA","JF001020","SEL MOO CHOCO 245ML BUY6 SAVE P25",6.7,"FOOD","GSRT-B02-10,GSRT-B02-11,GSRT-B02-12","ZEU000000012","GRC-035",2,2,"Aug 22, 2018"
"ID-180822-001","ZGR-000000012","STC-000000645","ROBINSONS SPMKT BF PARANAQUE","JF001020","SEL MOO CHOCO 245ML BUY6 SAVE P25",6.7,"FOOD","GSRT-B01-25,GSRT-B02-25","ZEU000000012","GRC-048",1,1,"Aug 22, 2018"
"ID-180822-001","ZGR-000000036","STC-000000601","PUREGOLD PRICE CLUB SOUTH PARK","WF000400","WK CHAMP-O-RADO 227G X 24",6.7,"FOOD","GSRT-B02-23","ZEU000000036","GRC-046",1,1,"Aug 22, 2018"
"ID-180822-001","ZGR-000000036","STC-000000645","ROBINSONS SPMKT BF PARANAQUE","WF000400","WK CHAMP-O-RADO 227G X 24",6.7,"FOOD","GSRT-B01-25,GSRT-B02-25","ZEU000000036","GRC-048",5,5,"Aug 22, 2018"
"ID-180822-001","ZGR-000000036","STC-000000674","ROBINSONS SPMKT RP PIONEER","WF000400","WK CHAMP-O-RADO 227G X 24",6.7,"FOOD","GSRT-B01-08,GSRT-B01-09","ZEU000000036","GRC-009",1,1,"Aug 22, 2018"
"ID-180822-001","ZGR-000000036","STC-000000724","SAN ROQUE SPMKT CAINTA 2","WF000400","WK CHAMP-O-RADO 227G X 24",6.7,"FOOD","GSRT-B01-04","ZEU000000036","GRC-004",1,1,"Aug 22, 2018"
"ID-180822-001","ZGR-000000015","STC-000000627","ROBINSONS EASYMART AGUIRRE","JF000941","FILLED MILK 24 X 245 ML SLIM",6.7,"FOOD","GSRT-B02-24","ZEU000000015","GRC-047",1,1,"Aug 22, 2018"
"ID-180822-001","ZGR-000000015","STC-000000647","ROBINSONS SPMKT CAINTA","JF000941","FILLED MILK 24 X 245 ML SLIM",6.7,"FOOD","GSRT-B01-05,GSRT-B01-06,ZEU-C01-01","ZEU000000015","GRC-006",1,1,"Aug 22, 2018"
"ID-180822-001","ZGR-000000015","STC-000000648","ROBINSONS SPMKT CALIFORNIA","JF000941","FILLED MILK 24 X 245 ML SLIM",6.7,"FOOD","GSRT-B01-10,GSRT-B01-11,GSRT-B01-12","ZEU000000015","GRC-012",2,2,"Aug 22, 2018"
"ID-180822-001","ZGR-000000015","STC-000000657","ROBINSONS SPMKT GRACELAND","JF000941","FILLED MILK 24 X 245 ML SLIM",6.7,"FOOD","GSRT-B01-14","ZEU000000015","GRC-014",1,1,"Aug 22, 2018"
"ID-180822-001","ZGR-000000015","STC-000000658","ROBINSONS SPMKT GRAND CANAL MCKINLEY","JF000941","FILLED MILK 24 X 245 ML SLIM",6.7,"FOOD","GSRT-B02-04","ZEU000000015","GRC-027",2,2,"Aug 22, 2018"
"ID-180822-001","ZGR-000000015","STC-000000659","ROBINSONS SPMKT KARANGALAN","JF000941","FILLED MILK 24 X 245 ML SLIM",6.7,"FOOD","GSRT-B02-14,GSRT-B02-15","ZEU000000015","GRC-038",1,1,"Aug 22, 2018"
"ID-180822-001","ZGR-000000015","STC-000000668","ROBINSONS SPMKT MONTALBAN TOWN CENTER","JF000941","FILLED MILK 24 X 245 ML SLIM",6.7,"FOOD","GSRT-B01-15,GSRT-B01-16,GSRT-B01-17,GSRT-B01-18,ZEU-C02-01","ZEU000000015","GRC-018",1,1,"Aug 22, 2018"
"ID-180822-001","ZGR-000000015","STC-000000674","ROBINSONS SPMKT RP PIONEER","JF000941","FILLED MILK 24 X 245 ML SLIM",6.7,"FOOD","GSRT-B01-08,GSRT-B01-09","ZEU000000015","GRC-009",2,2,"Aug 22, 2018"
"ID-180822-001","ZGR-000000015","STC-000000677","ROBINSONS SPMKT SELECTIONS 8 FORBES","JF000941","FILLED MILK 24 X 245 ML SLIM",6.7,"FOOD","GSRT-B02-05","ZEU000000015","GRC-028",2,2,"Aug 22, 2018"
"ID-180822-001","ZGR-000000026","STC-000000626","ROBINSONS DEPT STORE GALLERIA","JF001016","SEL STRAWBERRY 235ML",6.66,"FOOD","GSRT-B02-10,GSRT-B02-11,GSRT-B02-12","ZEU000000026","GRC-035",1,1,"Aug 22, 2018"
"ID-180822-001","ZGR-000000026","STC-000000641","ROBINSONS SPMKT ANTIPOLO","JF001016","SEL STRAWBERRY 235ML",6.66,"FOOD","GSRT-B01-01,GSRT-B01-02","ZEU000000026","GRC-002",1,1,"Aug 22, 2018"
"ID-180822-001","ZGR-000000026","STC-000000645","ROBINSONS SPMKT BF PARANAQUE","JF001016","SEL STRAWBERRY 235ML",6.66,"FOOD","GSRT-B01-25,GSRT-B02-25","ZEU000000026","GRC-048",1,1,"Aug 22, 2018"
"ID-180822-001","ZGR-000000026","STC-000000668","ROBINSONS SPMKT MONTALBAN TOWN CENTER","JF001016","SEL STRAWBERRY 235ML",6.66,"FOOD","GSRT-B01-15,GSRT-B01-16,GSRT-B01-17,GSRT-B01-18,ZEU-C02-01","ZEU000000026","GRC-018",3,3,"Aug 22, 2018"
"ID-180822-001","ZGR-000000026","STC-000000677","ROBINSONS SPMKT SELECTIONS 8 FORBES","JF001016","SEL STRAWBERRY 235ML",6.66,"FOOD","GSRT-B02-05","ZEU000000026","GRC-028",1,1,"Aug 22, 2018"
"ID-180822-001","ZGR-000000026","STC-000000093","ISETANN SUPERMARKET STA. MESA","JF001016","SEL STRAWBERRY 235ML",6.66,"FOOD","GSRT-B01-13","ZEU000000026","GRC-013",1,1,"Aug 22, 2018"
"ID-180822-001","ZGR-000000028","STC-000000677","ROBINSONS SPMKT SELECTIONS 8 FORBES","JF001018","SEL FULLCREAM MILK 180MLX24",6.66,"FOOD","GSRT-B02-05","ZEU000000028","GRC-028",1,1,"Aug 22, 2018"
"ID-180822-001","ZGR-000000007","STC-000000521","PUREGOLD JR SAN DIONISIO","JF000947","SEL FORT LFCHOCO245MLX24",6.54,"FOOD","GSRT-B02-22","ZEU000000007","GRC-045",1,1,"Aug 22, 2018"
"ID-180822-001","ZGR-000000007","STC-000000656","ROBINSONS SPMKT FEDERAL BAY","JF000947","SEL FORT LFCHOCO245MLX24",6.54,"FOOD","GSRT-B02-21","ZEU000000007","GRC-044",1,1,"Aug 22, 2018"
"ID-180822-001","ZGR-000000007","STC-000000666","ROBINSONS SPMKT METRO EAST","JF000947","SEL FORT LFCHOCO245MLX24",6.54,"FOOD","GSRT-B02-19,GSRT-B02-20","ZEU000000007","GRC-043",1,1,"Aug 22, 2018"
"ID-180822-001","ZGR-000000024","STC-000000640","ROBINSONS SPMKT ACACIA ESCALADES","JF000943","SEL FORT LOWFAT MILK 245mlx24",6.49,"FOOD","GSRT-B02-13","ZEU000000024","GRC-036",1,1,"Aug 22, 2018"
"ID-180822-001","ZGR-000000024","STC-000000664","ROBINSONS SPMKT MERCEDES","JF000943","SEL FORT LOWFAT MILK 245mlx24",6.49,"FOOD","GSRT-B02-17,GSRT-B02-18","ZEU000000024","GRC-041",1,1,"Aug 22, 2018"
"ID-180822-001","ZGR-000000024","STC-000000666","ROBINSONS SPMKT METRO EAST","JF000943","SEL FORT LOWFAT MILK 245mlx24",6.49,"FOOD","GSRT-B02-19,GSRT-B02-20","ZEU000000024","GRC-043",1,1,"Aug 22, 2018"
"ID-180822-001","ZGR-000000025","STC-000000641","ROBINSONS SPMKT ANTIPOLO","JF000923","SK GRAPE(M) 235ML X 24",6.28,"FOOD","GSRT-B01-01,GSRT-B01-02","ZEU000000025","GRC-002",1,1,"Aug 22, 2018"
"ID-180822-001","ZGR-000000025","STC-000000655","ROBINSONS SPMKT EASTWOOD TECHNO","JF000923","SK GRAPE(M) 235ML X 24",6.28,"FOOD","GSRT-B02-07,GSRT-B02-08","ZEU000000025","GRC-031",1,1,"Aug 22, 2018"
"ID-180822-001","ZGR-000000025","STC-000000666","ROBINSONS SPMKT METRO EAST","JF000923","SK GRAPE(M) 235ML X 24",6.28,"FOOD","GSRT-B02-19,GSRT-B02-20","ZEU000000025","GRC-043",1,1,"Aug 22, 2018"
"ID-180822-001","ZGR-000000025","STC-000000674","ROBINSONS SPMKT RP PIONEER","JF000923","SK GRAPE(M) 235ML X 24",6.28,"FOOD","GSRT-B01-08,GSRT-B01-09","ZEU000000025","GRC-009",1,1,"Aug 22, 2018"
"ID-180822-001","ZGR-000000045","STC-000000601","PUREGOLD PRICE CLUB SOUTH PARK","JF000922","SK APPLE(M) 235ML X24",6.28,"FOOD","GSRT-B02-23","ZEU000000045","GRC-046",2,2,"Aug 22, 2018"
"ID-180822-001","ZGR-000000045","STC-000000626","ROBINSONS DEPT STORE GALLERIA","JF000922","SK APPLE(M) 235ML X24",6.28,"FOOD","GSRT-B02-10,GSRT-B02-11,GSRT-B02-12","ZEU000000045","GRC-035",1,1,"Aug 22, 2018"
"ID-180822-001","ZGR-000000045","STC-000000627","ROBINSONS EASYMART AGUIRRE","JF000922","SK APPLE(M) 235ML X24",6.28,"FOOD","GSRT-B02-24","ZEU000000045","GRC-047",2,2,"Aug 22, 2018"
"ID-180822-001","ZGR-000000045","STC-000000647","ROBINSONS SPMKT CAINTA","JF000922","SK APPLE(M) 235ML X24",6.28,"FOOD","GSRT-B01-05,GSRT-B01-06,ZEU-C01-01","ZEU000000045","GRC-006",1,1,"Aug 22, 2018"
"ID-180822-001","ZGR-000000045","STC-000000648","ROBINSONS SPMKT CALIFORNIA","JF000922","SK APPLE(M) 235ML X24",6.28,"FOOD","GSRT-B01-10,GSRT-B01-11,GSRT-B01-12","ZEU000000045","GRC-012",1,1,"Aug 22, 2018"
"ID-180822-001","ZGR-000000045","STC-000000655","ROBINSONS SPMKT EASTWOOD TECHNO","JF000922","SK APPLE(M) 235ML X24",6.28,"FOOD","GSRT-B02-07,GSRT-B02-08","ZEU000000045","GRC-031",2,2,"Aug 22, 2018"
"ID-180822-001","ZGR-000000045","STC-000000659","ROBINSONS SPMKT KARANGALAN","JF000922","SK APPLE(M) 235ML X24",6.28,"FOOD","GSRT-B02-14,GSRT-B02-15","ZEU000000045","GRC-038",1,1,"Aug 22, 2018"
"ID-180822-001","ZGR-000000045","STC-000000661","ROBINSONS SPMKT MADISON GALLERIES ALABANG","JF000922","SK APPLE(M) 235ML X24",6.28,"FOOD","GSRT-B01-23","ZEU000000045","GRC-023",1,1,"Aug 22, 2018"
"ID-180822-001","ZGR-000000045","STC-000000674","ROBINSONS SPMKT RP PIONEER","JF000922","SK APPLE(M) 235ML X24",6.28,"FOOD","GSRT-B01-08,GSRT-B01-09","ZEU000000045","GRC-009",1,1,"Aug 22, 2018"
"ID-180822-001","ZGR-000000045","STC-000000677","ROBINSONS SPMKT SELECTIONS 8 FORBES","JF000922","SK APPLE(M) 235ML X24",6.28,"FOOD","GSRT-B02-05","ZEU000000045","GRC-028",1,1,"Aug 22, 2018"
"ID-180822-001","ZGR-000000060","STC-000000641","ROBINSONS SPMKT ANTIPOLO","JF000921","SK MANGO(M) 235ML X24",6.28,"FOOD","GSRT-B01-01,GSRT-B01-02","ZEU000000060","GRC-002",1,1,"Aug 22, 2018"
"ID-180822-001","ZGR-000000060","STC-000000648","ROBINSONS SPMKT CALIFORNIA","JF000921","SK MANGO(M) 235ML X24",6.28,"FOOD","GSRT-B01-10,GSRT-B01-11,GSRT-B01-12","ZEU000000060","GRC-012",2,2,"Aug 22, 2018"
"ID-180822-001","ZGR-000000060","STC-000000655","ROBINSONS SPMKT EASTWOOD TECHNO","JF000921","SK MANGO(M) 235ML X24",6.28,"FOOD","GSRT-B02-07,GSRT-B02-08","ZEU000000060","GRC-031",3,3,"Aug 22, 2018"
"ID-180822-001","ZGR-000000060","STC-000000674","ROBINSONS SPMKT RP PIONEER","JF000921","SK MANGO(M) 235ML X24",6.28,"FOOD","GSRT-B01-08,GSRT-B01-09","ZEU000000060","GRC-009",1,1,"Aug 22, 2018"
"ID-180822-001","ZGR-000000084","STC-000000626","ROBINSONS DEPT STORE GALLERIA","JF000920","SK ORANGE(M) 235MLX24",6.28,"FOOD","GSRT-B02-10,GSRT-B02-11,GSRT-B02-12","ZEU000000084","GRC-035",1,1,"Aug 22, 2018"
"ID-180822-001","ZGR-000000084","STC-000000641","ROBINSONS SPMKT ANTIPOLO","JF000920","SK ORANGE(M) 235MLX24",6.28,"FOOD","GSRT-B01-01,GSRT-B01-02","ZEU000000084","GRC-002",1,1,"Aug 22, 2018"
"ID-180822-001","ZGR-000000084","STC-000000648","ROBINSONS SPMKT CALIFORNIA","JF000920","SK ORANGE(M) 235MLX24",6.28,"FOOD","GSRT-B01-10,GSRT-B01-11,GSRT-B01-12","ZEU000000084","GRC-012",1,1,"Aug 22, 2018"
"ID-180822-001","ZGR-000000084","STC-000000655","ROBINSONS SPMKT EASTWOOD TECHNO","JF000920","SK ORANGE(M) 235MLX24",6.28,"FOOD","GSRT-B02-07,GSRT-B02-08","ZEU000000084","GRC-031",1,1,"Aug 22, 2018"
"ID-180822-001","ZGR-000000084","STC-000000661","ROBINSONS SPMKT MADISON GALLERIES ALABANG","JF000920","SK ORANGE(M) 235MLX24",6.28,"FOOD","GSRT-B01-23","ZEU000000084","GRC-023",2,2,"Aug 22, 2018"
"ID-180822-001","ZGR-000000084","STC-000000674","ROBINSONS SPMKT RP PIONEER","JF000920","SK ORANGE(M) 235MLX24",6.28,"FOOD","GSRT-B01-08,GSRT-B01-09","ZEU000000084","GRC-009",1,1,"Aug 22, 2018"
"ID-180822-001","ZGR-000000084","STC-000000677","ROBINSONS SPMKT SELECTIONS 8 FORBES","JF000920","SK ORANGE(M) 235MLX24",6.28,"FOOD","GSRT-B02-05","ZEU000000084","GRC-028",2,2,"Aug 22, 2018"
"ID-180822-001","ZGR-000000038","STC-000000601","PUREGOLD PRICE CLUB SOUTH PARK","JF001008","Super Choco Doy 150ml x 6s ",5.73,"FOOD","GSRT-B02-23","ZEU000000038","GRC-046",1,1,"Aug 22, 2018"
"ID-180822-001","ZGR-000000058","STC-000000626","ROBINSONS DEPT STORE GALLERIA","WF000140","WK CHICKEN SOPAS 125G",5.06,"FOOD","GSRT-B02-10,GSRT-B02-11,GSRT-B02-12","ZEU000000058","GRC-035",3,3,"Aug 22, 2018"
"ID-180822-001","ZGR-000000058","STC-000000627","ROBINSONS EASYMART AGUIRRE","WF000140","WK CHICKEN SOPAS 125G",5.06,"FOOD","GSRT-B02-24","ZEU000000058","GRC-047",1,1,"Aug 22, 2018"
"ID-180822-001","ZGR-000000058","STC-000000645","ROBINSONS SPMKT BF PARANAQUE","WF000140","WK CHICKEN SOPAS 125G",5.06,"FOOD","GSRT-B01-25,GSRT-B02-25","ZEU000000058","GRC-048",2,2,"Aug 22, 2018"
"ID-180822-001","ZGR-000000058","STC-000000647","ROBINSONS SPMKT CAINTA","WF000140","WK CHICKEN SOPAS 125G",5.06,"FOOD","GSRT-B01-05,GSRT-B01-06,ZEU-C01-01","ZEU000000058","GRC-006",1,1,"Aug 22, 2018"
"ID-180822-001","ZGR-000000058","STC-000000648","ROBINSONS SPMKT CALIFORNIA","WF000140","WK CHICKEN SOPAS 125G",5.06,"FOOD","GSRT-B01-10,GSRT-B01-11,GSRT-B01-12","ZEU000000058","GRC-012",2,2,"Aug 22, 2018"
"ID-180822-001","ZGR-000000058","STC-000000655","ROBINSONS SPMKT EASTWOOD TECHNO","WF000140","WK CHICKEN SOPAS 125G",5.06,"FOOD","GSRT-B02-07,GSRT-B02-08","ZEU000000058","GRC-031",1,1,"Aug 22, 2018"
"ID-180822-001","ZGR-000000058","STC-000000659","ROBINSONS SPMKT KARANGALAN","WF000140","WK CHICKEN SOPAS 125G",5.06,"FOOD","GSRT-B02-14,GSRT-B02-15","ZEU000000058","GRC-038",1,1,"Aug 22, 2018"
"ID-180822-001","ZGR-000000058","STC-000000664","ROBINSONS SPMKT MERCEDES","WF000140","WK CHICKEN SOPAS 125G",5.06,"FOOD","GSRT-B02-17,GSRT-B02-18","ZEU000000058","GRC-041",2,2,"Aug 22, 2018"
"ID-180822-001","ZGR-000000058","STC-000000668","ROBINSONS SPMKT MONTALBAN TOWN CENTER","WF000140","WK CHICKEN SOPAS 125G",5.06,"FOOD","GSRT-B01-15,GSRT-B01-16,GSRT-B01-17,GSRT-B01-18,ZEU-C02-01","ZEU000000058","GRC-018",1,1,"Aug 22, 2018"
"ID-180822-001","ZGR-000000071","STC-000000601","PUREGOLD PRICE CLUB SOUTH PARK","WF000143","ARROZ CALD-O-113GX30",4.69,"FOOD","GSRT-B02-23","ZEU000000071","GRC-046",1,1,"Aug 22, 2018"
"ID-180822-001","ZGR-000000071","STC-000000626","ROBINSONS DEPT STORE GALLERIA","WF000143","ARROZ CALD-O-113GX30",4.69,"FOOD","GSRT-B02-10,GSRT-B02-11,GSRT-B02-12","ZEU000000071","GRC-035",1,1,"Aug 22, 2018"
"ID-180822-001","ZGR-000000071","STC-000000641","ROBINSONS SPMKT ANTIPOLO","WF000143","ARROZ CALD-O-113GX30",4.69,"FOOD","GSRT-B01-01,GSRT-B01-02","ZEU000000071","GRC-002",2,2,"Aug 22, 2018"
"ID-180822-001","ZGR-000000071","STC-000000645","ROBINSONS SPMKT BF PARANAQUE","WF000143","ARROZ CALD-O-113GX30",4.69,"FOOD","GSRT-B01-25,GSRT-B02-25","ZEU000000071","GRC-048",1,1,"Aug 22, 2018"
"ID-180822-001","ZGR-000000071","STC-000000647","ROBINSONS SPMKT CAINTA","WF000143","ARROZ CALD-O-113GX30",4.69,"FOOD","GSRT-B01-05,GSRT-B01-06,ZEU-C01-01","ZEU000000071","GRC-006",3,3,"Aug 22, 2018"
"ID-180822-001","ZGR-000000071","STC-000000655","ROBINSONS SPMKT EASTWOOD TECHNO","WF000143","ARROZ CALD-O-113GX30",4.69,"FOOD","GSRT-B02-07,GSRT-B02-08","ZEU000000071","GRC-031",1,1,"Aug 22, 2018"
"ID-180822-001","ZGR-000000071","STC-000000668","ROBINSONS SPMKT MONTALBAN TOWN CENTER","WF000143","ARROZ CALD-O-113GX30",4.69,"FOOD","GSRT-B01-15,GSRT-B01-16,GSRT-B01-17,GSRT-B01-18,ZEU-C02-01","ZEU000000071","GRC-018",1,1,"Aug 22, 2018"
"ID-180822-001","ZGR-000000069","STC-000000627","ROBINSONS EASYMART AGUIRRE","WF000403","WK CHAMP-O-RADO 113GX30",4.62,"FOOD","GSRT-B02-24","ZEU000000069","GRC-047",1,1,"Aug 22, 2018"
"ID-180822-001","ZGR-000000069","STC-000000645","ROBINSONS SPMKT BF PARANAQUE","WF000403","WK CHAMP-O-RADO 113GX30",4.62,"FOOD","GSRT-B01-25,GSRT-B02-25","ZEU000000069","GRC-048",1,1,"Aug 22, 2018"
"ID-180822-001","ZGR-000000069","STC-000000648","ROBINSONS SPMKT CALIFORNIA","WF000403","WK CHAMP-O-RADO 113GX30",4.62,"FOOD","GSRT-B01-10,GSRT-B01-11,GSRT-B01-12","ZEU000000069","GRC-012",2,2,"Aug 22, 2018"
"ID-180822-001","ZGR-000000069","STC-000000659","ROBINSONS SPMKT KARANGALAN","WF000403","WK CHAMP-O-RADO 113GX30",4.62,"FOOD","GSRT-B02-14,GSRT-B02-15","ZEU000000069","GRC-038",1,1,"Aug 22, 2018"
"ID-180822-001","ZGR-000000069","STC-000000724","SAN ROQUE SPMKT CAINTA 2","WF000403","WK CHAMP-O-RADO 113GX30",4.62,"FOOD","GSRT-B01-04","ZEU000000069","GRC-004",1,1,"Aug 22, 2018"
"ID-180822-001","ZGR-000000082","STC-000000093","ISETANN SUPERMARKET STA. MESA","JF000963","SEL STRAWBERRY 100ML",4.48,"FOOD","GSRT-B01-13","ZEU000000082","GRC-013",1,1,"Aug 22, 2018"
"ID-180822-001","ZGR-000000023","STC-000000641","ROBINSONS SPMKT ANTIPOLO","JF000937","MOO-AT SCHOCO 100MLX36",4.21,"FOOD","GSRT-B01-01,GSRT-B01-02","ZEU000000023","GRC-002",1,1,"Aug 22, 2018"
"ID-180822-001","ZGR-000000023","STC-000000658","ROBINSONS SPMKT GRAND CANAL MCKINLEY","JF000937","MOO-AT SCHOCO 100MLX36",4.21,"FOOD","GSRT-B02-04","ZEU000000023","GRC-027",1,1,"Aug 22, 2018"
"ID-180822-001","ZGR-000000017","STC-000000659","ROBINSONS SPMKT KARANGALAN","JF000949","SK APPLE DOY 250ML",2.73,"FOOD","GSRT-B02-14,GSRT-B02-15","ZEU000000017","GRC-038",1,1,"Aug 22, 2018"
"ID-180822-001","ZGR-000000040","STC-000000601","PUREGOLD PRICE CLUB SOUTH PARK","JF000950","SK GRAPE DOY 250ML",2.73,"FOOD","GSRT-B02-23","ZEU000000040","GRC-046",1,1,"Aug 22, 2018"
"ID-180822-001","ZGR-000000040","STC-000000668","ROBINSONS SPMKT MONTALBAN TOWN CENTER","JF000950","SK GRAPE DOY 250ML",2.73,"FOOD","GSRT-B01-15,GSRT-B01-16,GSRT-B01-17,GSRT-B01-18,ZEU-C02-01","ZEU000000040","GRC-018",3,3,"Aug 22, 2018"
"ID-180822-001","ZGR-000000040","STC-000000674","ROBINSONS SPMKT RP PIONEER","JF000950","SK GRAPE DOY 250ML",2.73,"FOOD","GSRT-B01-08,GSRT-B01-09","ZEU000000040","GRC-009",6,6,"Aug 22, 2018"
"ID-180822-001","ZGR-000000047","STC-000000655","ROBINSONS SPMKT EASTWOOD TECHNO","JF000948","SK ORANGE DOY 250ML",2.73,"FOOD","GSRT-B02-07,GSRT-B02-08","ZEU000000047","GRC-031",1,1,"Aug 22, 2018"
"ID-180822-001","ZGR-000000047","STC-000000659","ROBINSONS SPMKT KARANGALAN","JF000948","SK ORANGE DOY 250ML",2.73,"FOOD","GSRT-B02-14,GSRT-B02-15","ZEU000000047","GRC-038",1,1,"Aug 22, 2018"
"ID-180822-001","ZGR-000000047","STC-000000666","ROBINSONS SPMKT METRO EAST","JF000948","SK ORANGE DOY 250ML",2.73,"FOOD","GSRT-B02-19,GSRT-B02-20","ZEU000000047","GRC-043",2,2,"Aug 22, 2018"
"ID-180822-001","ZGR-000000047","STC-000000674","ROBINSONS SPMKT RP PIONEER","JF000948","SK ORANGE DOY 250ML",2.73,"FOOD","GSRT-B01-08,GSRT-B01-09","ZEU000000047","GRC-009",1,1,"Aug 22, 2018"
"ID-180822-001","ZGR-000000030","STC-000000626","ROBINSONS DEPT STORE GALLERIA","JF000363","SK ORANGE DOY 185ML X 10",2.13,"FOOD","GSRT-B02-10,GSRT-B02-11,GSRT-B02-12","ZEU000000030","GRC-035",15,15,"Aug 22, 2018"
"ID-180822-001","ZGR-000000030","STC-000000641","ROBINSONS SPMKT ANTIPOLO","JF000363","SK ORANGE DOY 185ML X 10",2.13,"FOOD","GSRT-B01-01,GSRT-B01-02","ZEU000000030","GRC-002",2,2,"Aug 22, 2018"
"ID-180822-001","ZGR-000000030","STC-000000659","ROBINSONS SPMKT KARANGALAN","JF000363","SK ORANGE DOY 185ML X 10",2.13,"FOOD","GSRT-B02-14,GSRT-B02-15","ZEU000000030","GRC-038",9,9,"Aug 22, 2018"
"ID-180822-001","ZGR-000000030","STC-000000666","ROBINSONS SPMKT METRO EAST","JF000363","SK ORANGE DOY 185ML X 10",2.13,"FOOD","GSRT-B02-19,GSRT-B02-20","ZEU000000030","GRC-043",3,3,"Aug 22, 2018"
"ID-180822-001","ZGR-000000030","STC-000000668","ROBINSONS SPMKT MONTALBAN TOWN CENTER","JF000363","SK ORANGE DOY 185ML X 10",2.13,"FOOD","GSRT-B01-15,GSRT-B01-16,GSRT-B01-17,GSRT-B01-18,ZEU-C02-01","ZEU000000030","GRC-018",2,2,"Aug 22, 2018"
"ID-180822-001","ZGR-000000030","STC-000000678","ROBINSONS SPMKT SOUTHPARK MALL","JF000363","SK ORANGE DOY 185ML X 10",2.13,"FOOD","GSRT-B01-21,GSRT-B01-22","ZEU000000030","GRC-022",10,10,"Aug 22, 2018"
"ID-180822-001","ZGR-000000020","STC-000000626","ROBINSONS DEPT STORE GALLERIA","JF000365","SK APPLE DOY 185ML X 10",2.13,"FOOD","GSRT-B02-10,GSRT-B02-11,GSRT-B02-12","ZEU000000020","GRC-035",7,7,"Aug 22, 2018"
"ID-180822-001","ZGR-000000020","STC-000000628","ROBINSONS EASYMART ANTIPOLO","JF000365","SK APPLE DOY 185ML X 10",2.13,"FOOD","GSRT-B01-03","ZEU000000020","GRC-003",7,7,"Aug 22, 2018"
"ID-180822-001","ZGR-000000020","STC-000000627","ROBINSONS EASYMART AGUIRRE","JF000365","SK APPLE DOY 185ML X 10",2.13,"FOOD","GSRT-B02-24","ZEU000000020","GRC-047",2,2,"Aug 22, 2018"
"ID-180822-001","ZGR-000000020","STC-000000647","ROBINSONS SPMKT CAINTA","JF000365","SK APPLE DOY 185ML X 10",2.13,"FOOD","GSRT-B01-05,GSRT-B01-06,ZEU-C01-01","ZEU000000020","GRC-006",1,1,"Aug 22, 2018"
"ID-180822-001","ZGR-000000020","STC-000000659","ROBINSONS SPMKT KARANGALAN","JF000365","SK APPLE DOY 185ML X 10",2.13,"FOOD","GSRT-B02-14,GSRT-B02-15","ZEU000000020","GRC-038",10,10,"Aug 22, 2018"
"ID-180822-001","ZGR-000000020","STC-000000661","ROBINSONS SPMKT MADISON GALLERIES ALABANG","JF000365","SK APPLE DOY 185ML X 10",2.13,"FOOD","GSRT-B01-23","ZEU000000020","GRC-023",2,2,"Aug 22, 2018"
"ID-180822-001","ZGR-000000020","STC-000000664","ROBINSONS SPMKT MERCEDES","JF000365","SK APPLE DOY 185ML X 10",2.13,"FOOD","GSRT-B02-17,GSRT-B02-18","ZEU000000020","GRC-041",1,1,"Aug 22, 2018"
"ID-180822-001","ZGR-000000020","STC-000000668","ROBINSONS SPMKT MONTALBAN TOWN CENTER","JF000365","SK APPLE DOY 185ML X 10",2.13,"FOOD","GSRT-B01-15,GSRT-B01-16,GSRT-B01-17,GSRT-B01-18,ZEU-C02-01","ZEU000000020","GRC-018",14,14,"Aug 22, 2018"
"ID-180822-001","ZGR-000000020","STC-000000674","ROBINSONS SPMKT RP PIONEER","JF000365","SK APPLE DOY 185ML X 10",2.13,"FOOD","GSRT-B01-08,GSRT-B01-09","ZEU000000020","GRC-009",4,4,"Aug 22, 2018"
"ID-180822-001","ZGR-000000020","STC-000000678","ROBINSONS SPMKT SOUTHPARK MALL","JF000365","SK APPLE DOY 185ML X 10",2.13,"FOOD","GSRT-B01-21,GSRT-B01-22","ZEU000000020","GRC-022",1,1,"Aug 22, 2018"
"ID-180822-001","ZGR-000000032","STC-000000521","PUREGOLD JR SAN DIONISIO","JF000364","SK MANGO DOY 185ML X 10",2.13,"FOOD","GSRT-B02-22","ZEU000000032","GRC-045",4,4,"Aug 22, 2018"
"ID-180822-001","ZGR-000000032","STC-000000601","PUREGOLD PRICE CLUB SOUTH PARK","JF000364","SK MANGO DOY 185ML X 10",2.13,"FOOD","GSRT-B02-23","ZEU000000032","GRC-046",2,2,"Aug 22, 2018"
"ID-180822-001","ZGR-000000032","STC-000000626","ROBINSONS DEPT STORE GALLERIA","JF000364","SK MANGO DOY 185ML X 10",2.13,"FOOD","GSRT-B02-10,GSRT-B02-11,GSRT-B02-12","ZEU000000032","GRC-035",14,14,"Aug 22, 2018"
"ID-180822-001","ZGR-000000032","STC-000000641","ROBINSONS SPMKT ANTIPOLO","JF000364","SK MANGO DOY 185ML X 10",2.13,"FOOD","GSRT-B01-01,GSRT-B01-02","ZEU000000032","GRC-002",1,1,"Aug 22, 2018"
"ID-180822-001","ZGR-000000032","STC-000000648","ROBINSONS SPMKT CALIFORNIA","JF000364","SK MANGO DOY 185ML X 10",2.13,"FOOD","GSRT-B01-10,GSRT-B01-11,GSRT-B01-12","ZEU000000032","GRC-012",1,1,"Aug 22, 2018"
"ID-180822-001","ZGR-000000032","STC-000000655","ROBINSONS SPMKT EASTWOOD TECHNO","JF000364","SK MANGO DOY 185ML X 10",2.13,"FOOD","GSRT-B02-07,GSRT-B02-08","ZEU000000032","GRC-031",1,1,"Aug 22, 2018"
"ID-180822-001","ZGR-000000032","STC-000000659","ROBINSONS SPMKT KARANGALAN","JF000364","SK MANGO DOY 185ML X 10",2.13,"FOOD","GSRT-B02-14,GSRT-B02-15","ZEU000000032","GRC-038",2,2,"Aug 22, 2018"
"ID-180822-001","ZGR-000000032","STC-000000668","ROBINSONS SPMKT MONTALBAN TOWN CENTER","JF000364","SK MANGO DOY 185ML X 10",2.13,"FOOD","GSRT-B01-15,GSRT-B01-16,GSRT-B01-17,GSRT-B01-18,ZEU-C02-01","ZEU000000032","GRC-018",2,2,"Aug 22, 2018"
"ID-180822-001","ZGR-000000032","STC-000000674","ROBINSONS SPMKT RP PIONEER","JF000364","SK MANGO DOY 185ML X 10",2.13,"FOOD","GSRT-B01-08,GSRT-B01-09","ZEU000000032","GRC-009",1,1,"Aug 22, 2018"
"ID-180822-001","ZGR-000000078","STC-000000627","ROBINSONS EASYMART AGUIRRE","JF000366","SK GRAPE DOY 185ML X 10",2.13,"FOOD","GSRT-B02-24","ZEU000000078","GRC-047",2,2,"Aug 22, 2018"
"ID-180822-001","ZGR-000000078","STC-000000628","ROBINSONS EASYMART ANTIPOLO","JF000366","SK GRAPE DOY 185ML X 10",2.13,"FOOD","GSRT-B01-03","ZEU000000078","GRC-003",3,3,"Aug 22, 2018"
"ID-180822-001","ZGR-000000078","STC-000000641","ROBINSONS SPMKT ANTIPOLO","JF000366","SK GRAPE DOY 185ML X 10",2.13,"FOOD","GSRT-B01-01,GSRT-B01-02","ZEU000000078","GRC-002",2,2,"Aug 22, 2018"
"ID-180822-001","ZGR-000000078","STC-000000655","ROBINSONS SPMKT EASTWOOD TECHNO","JF000366","SK GRAPE DOY 185ML X 10",2.13,"FOOD","GSRT-B02-07,GSRT-B02-08","ZEU000000078","GRC-031",3,3,"Aug 22, 2018"
"ID-180822-001","ZGR-000000078","STC-000000659","ROBINSONS SPMKT KARANGALAN","JF000366","SK GRAPE DOY 185ML X 10",2.13,"FOOD","GSRT-B02-14,GSRT-B02-15","ZEU000000078","GRC-038",5,5,"Aug 22, 2018"
"ID-180822-001","ZGR-000000078","STC-000000664","ROBINSONS SPMKT MERCEDES","JF000366","SK GRAPE DOY 185ML X 10",2.13,"FOOD","GSRT-B02-17,GSRT-B02-18","ZEU000000078","GRC-041",1,1,"Aug 22, 2018"
"ID-180822-001","ZGR-000000078","STC-000000668","ROBINSONS SPMKT MONTALBAN TOWN CENTER","JF000366","SK GRAPE DOY 185ML X 10",2.13,"FOOD","GSRT-B01-15,GSRT-B01-16,GSRT-B01-17,GSRT-B01-18,ZEU-C02-01","ZEU000000078","GRC-018",8,8,"Aug 22, 2018"
"ID-180822-001","ZGR-000000078","STC-000000674","ROBINSONS SPMKT RP PIONEER","JF000366","SK GRAPE DOY 185ML X 10",2.13,"FOOD","GSRT-B01-08,GSRT-B01-09","ZEU000000078","GRC-009",2,2,"Aug 22, 2018"
"ID-180822-001","ZGR-000000078","STC-000000678","ROBINSONS SPMKT SOUTHPARK MALL","JF000366","SK GRAPE DOY 185ML X 10",2.13,"FOOD","GSRT-B01-21,GSRT-B01-22","ZEU000000078","GRC-022",2,2,"Aug 22, 2018"
"ID-180822-001","ZGR-000000003","STC-000000626","ROBINSONS DEPT STORE GALLERIA","JF001019","SEL MOO CHOCO 100ML BUY10 SAVE P40",1.38,"FOOD","GSRT-B02-10,GSRT-B02-11,GSRT-B02-12","ZEU000000003","GRC-035",2,2,"Aug 22, 2018"
"ID-180822-001","ZGR-000000003","STC-000000641","ROBINSONS SPMKT ANTIPOLO","JF001019","SEL MOO CHOCO 100ML BUY10 SAVE P40",1.38,"FOOD","GSRT-B01-01,GSRT-B01-02","ZEU000000003","GRC-002",5,5,"Aug 22, 2018"
"ID-180822-001","ZGR-000000003","STC-000000645","ROBINSONS SPMKT BF PARANAQUE","JF001019","SEL MOO CHOCO 100ML BUY10 SAVE P40",1.38,"FOOD","GSRT-B01-25,GSRT-B02-25","ZEU000000003","GRC-048",8,8,"Aug 22, 2018"
"ID-180822-001","ZGR-000000003","STC-000000647","ROBINSONS SPMKT CAINTA","JF001019","SEL MOO CHOCO 100ML BUY10 SAVE P40",1.38,"FOOD","GSRT-B01-05,GSRT-B01-06,ZEU-C01-01","ZEU000000003","GRC-006",2,2,"Aug 22, 2018"
"ID-180822-001","ZGR-000000066","STC-000000521","PUREGOLD JR SAN DIONISIO","JF000913","SEL CHOCO YEY 100 ML X 10",1.28,"FOOD","GSRT-B02-22","ZEU000000066","GRC-045",1,1,"Aug 22, 2018"
"ID-180822-001","ZGR-000000066","STC-000000678","ROBINSONS SPMKT SOUTHPARK MALL","JF000913","SEL CHOCO YEY 100 ML X 10",1.28,"FOOD","GSRT-B01-21,GSRT-B01-22","ZEU000000066","GRC-022",2,2,"Aug 22, 2018"
"ID-180822-001","ZGR-000000005","STC-000000521","PUREGOLD JR SAN DIONISIO","JF000924","SK ORANGE(M) 100MLx10",1.26,"FOOD","GSRT-B02-22","ZEU000000005","GRC-045",1,1,"Aug 22, 2018"
"ID-180822-001","ZGR-000000005","STC-000000628","ROBINSONS EASYMART ANTIPOLO","JF000924","SK ORANGE(M) 100MLx10",1.26,"FOOD","GSRT-B01-03","ZEU000000005","GRC-003",1,1,"Aug 22, 2018"
"ID-180822-001","ZGR-000000005","STC-000000641","ROBINSONS SPMKT ANTIPOLO","JF000924","SK ORANGE(M) 100MLx10",1.26,"FOOD","GSRT-B01-01,GSRT-B01-02","ZEU000000005","GRC-002",5,5,"Aug 22, 2018"
"ID-180822-001","ZGR-000000005","STC-000000647","ROBINSONS SPMKT CAINTA","JF000924","SK ORANGE(M) 100MLx10",1.26,"FOOD","GSRT-B01-05,GSRT-B01-06,ZEU-C01-01","ZEU000000005","GRC-006",1,1,"Aug 22, 2018"
"ID-180822-001","ZGR-000000005","STC-000000648","ROBINSONS SPMKT CALIFORNIA","JF000924","SK ORANGE(M) 100MLx10",1.26,"FOOD","GSRT-B01-10,GSRT-B01-11,GSRT-B01-12","ZEU000000005","GRC-012",6,6,"Aug 22, 2018"
"ID-180822-001","ZGR-000000005","STC-000000661","ROBINSONS SPMKT MADISON GALLERIES ALABANG","JF000924","SK ORANGE(M) 100MLx10",1.26,"FOOD","GSRT-B01-23","ZEU000000005","GRC-023",1,1,"Aug 22, 2018"
"ID-180822-001","ZGR-000000005","STC-000000664","ROBINSONS SPMKT MERCEDES","JF000924","SK ORANGE(M) 100MLx10",1.26,"FOOD","GSRT-B02-17,GSRT-B02-18","ZEU000000005","GRC-041",1,1,"Aug 22, 2018"
"ID-180822-001","ZGR-000000005","STC-000000668","ROBINSONS SPMKT MONTALBAN TOWN CENTER","JF000924","SK ORANGE(M) 100MLx10",1.26,"FOOD","GSRT-B01-15,GSRT-B01-16,GSRT-B01-17,GSRT-B01-18,ZEU-C02-01","ZEU000000005","GRC-018",1,1,"Aug 22, 2018"
"ID-180822-001","ZGR-000000068","STC-000000626","ROBINSONS DEPT STORE GALLERIA","JF000925","SK GRAPE(M)100ML X 10",1.26,"FOOD","GSRT-B02-10,GSRT-B02-11,GSRT-B02-12","ZEU000000068","GRC-035",1,1,"Aug 22, 2018"
"ID-180822-001","ZGR-000000068","STC-000000628","ROBINSONS EASYMART ANTIPOLO","JF000925","SK GRAPE(M)100ML X 10",1.26,"FOOD","GSRT-B01-03","ZEU000000068","GRC-003",1,1,"Aug 22, 2018"
"ID-180822-001","ZGR-000000068","STC-000000627","ROBINSONS EASYMART AGUIRRE","JF000925","SK GRAPE(M)100ML X 10",1.26,"FOOD","GSRT-B02-24","ZEU000000068","GRC-047",1,1,"Aug 22, 2018"
"ID-180822-001","ZGR-000000068","STC-000000641","ROBINSONS SPMKT ANTIPOLO","JF000925","SK GRAPE(M)100ML X 10",1.26,"FOOD","GSRT-B01-01,GSRT-B01-02","ZEU000000068","GRC-002",4,4,"Aug 22, 2018"
"ID-180822-001","ZGR-000000068","STC-000000647","ROBINSONS SPMKT CAINTA","JF000925","SK GRAPE(M)100ML X 10",1.26,"FOOD","GSRT-B01-05,GSRT-B01-06,ZEU-C01-01","ZEU000000068","GRC-006",4,4,"Aug 22, 2018"
"ID-180822-001","ZGR-000000068","STC-000000648","ROBINSONS SPMKT CALIFORNIA","JF000925","SK GRAPE(M)100ML X 10",1.26,"FOOD","GSRT-B01-10,GSRT-B01-11,GSRT-B01-12","ZEU000000068","GRC-012",8,8,"Aug 22, 2018"
"ID-180822-001","ZGR-000000068","STC-000000664","ROBINSONS SPMKT MERCEDES","JF000925","SK GRAPE(M)100ML X 10",1.26,"FOOD","GSRT-B02-17,GSRT-B02-18","ZEU000000068","GRC-041",1,1,"Aug 22, 2018"
"ID-180822-001","ZGR-000000068","STC-000000668","ROBINSONS SPMKT MONTALBAN TOWN CENTER","JF000925","SK GRAPE(M)100ML X 10",1.26,"FOOD","GSRT-B01-15,GSRT-B01-16,GSRT-B01-17,GSRT-B01-18,ZEU-C02-01","ZEU000000068","GRC-018",3,3,"Aug 22, 2018"
"ID-180822-001","ZGR-000000068","STC-000000674","ROBINSONS SPMKT RP PIONEER","JF000925","SK GRAPE(M)100ML X 10",1.26,"FOOD","GSRT-B01-08,GSRT-B01-09","ZEU000000068","GRC-009",1,1,"Aug 22, 2018"
"ID-180822-001","ZGR-000000077","STC-000000601","PUREGOLD PRICE CLUB SOUTH PARK","JF000926","MINIONS SK APPLE 100ML",1.26,"FOOD","GSRT-B02-23","ZEU000000077","GRC-046",1,1,"Aug 22, 2018"
"ID-180822-001","ZGR-000000077","STC-000000627","ROBINSONS EASYMART AGUIRRE","JF000926","MINIONS SK APPLE 100ML",1.26,"FOOD","GSRT-B02-24","ZEU000000077","GRC-047",1,1,"Aug 22, 2018"
"ID-180822-001","ZGR-000000077","STC-000000641","ROBINSONS SPMKT ANTIPOLO","JF000926","MINIONS SK APPLE 100ML",1.26,"FOOD","GSRT-B01-01,GSRT-B01-02","ZEU000000077","GRC-002",11,11,"Aug 22, 2018"
"ID-180822-001","ZGR-000000077","STC-000000647","ROBINSONS SPMKT CAINTA","JF000926","MINIONS SK APPLE 100ML",1.26,"FOOD","GSRT-B01-05,GSRT-B01-06,ZEU-C01-01","ZEU000000077","GRC-006",3,3,"Aug 22, 2018"
"ID-180822-001","ZGR-000000077","STC-000000648","ROBINSONS SPMKT CALIFORNIA","JF000926","MINIONS SK APPLE 100ML",1.26,"FOOD","GSRT-B01-10,GSRT-B01-11,GSRT-B01-12","ZEU000000077","GRC-012",6,6,"Aug 22, 2018"
"ID-180822-001","ZGR-000000077","STC-000000655","ROBINSONS SPMKT EASTWOOD TECHNO","JF000926","MINIONS SK APPLE 100ML",1.26,"FOOD","GSRT-B02-07,GSRT-B02-08","ZEU000000077","GRC-031",4,4,"Aug 22, 2018"
"ID-180822-001","ZGR-000000077","STC-000000659","ROBINSONS SPMKT KARANGALAN","JF000926","MINIONS SK APPLE 100ML",1.26,"FOOD","GSRT-B02-14,GSRT-B02-15","ZEU000000077","GRC-038",1,1,"Aug 22, 2018"
"ID-180822-001","ZGR-000000077","STC-000000661","ROBINSONS SPMKT MADISON GALLERIES ALABANG","JF000926","MINIONS SK APPLE 100ML",1.26,"FOOD","GSRT-B01-23","ZEU000000077","GRC-023",1,1,"Aug 22, 2018"
"ID-180822-001","ZGR-000000077","STC-000000664","ROBINSONS SPMKT MERCEDES","JF000926","MINIONS SK APPLE 100ML",1.26,"FOOD","GSRT-B02-17,GSRT-B02-18","ZEU000000077","GRC-041",1,1,"Aug 22, 2018"
"ID-180822-001","ZGR-000000077","STC-000000668","ROBINSONS SPMKT MONTALBAN TOWN CENTER","JF000926","MINIONS SK APPLE 100ML",1.26,"FOOD","GSRT-B01-15,GSRT-B01-16,GSRT-B01-17,GSRT-B01-18,ZEU-C02-01","ZEU000000077","GRC-018",2,2,"Aug 22, 2018"
"ID-180822-001","ZGR-000000077","STC-000000674","ROBINSONS SPMKT RP PIONEER","JF000926","MINIONS SK APPLE 100ML",1.26,"FOOD","GSRT-B01-08,GSRT-B01-09","ZEU000000077","GRC-009",1,1,"Aug 22, 2018"